year_month,sub_district,monthly_avg,cum_avg
2020-01,NUWARA ELIYA,534.49,534.49
2020-01,RAMBODA,513.38,513.38
2020-01,PUNDALUOYA,491.52,491.52
2020-01,AGARAPATANA,500.25,500.25
2020-01,NANUOYA/LINDULA/TALAWAKELE,593.01,593.01
2020-01,PATANA KOTAGALA,538.58,538.58
2020-01,HATTON/DICKOYA,564.51,564.51
2020-01,BOGAWANTALAWA,568.01,568.01
2020-01,UPCOT/MASKELIYA,587.84,587.84
2020-01,WATAWALA/GINIGAT/NORTON,497.66,497.66
2020-01,PUSSELLAWA/HEWAHETA,527.37,527.37
2020-01,KOTMALE,587.81,587.81
2020-01,GAMPOLA/NAWALAPITIYA/DOLOSBAGE,490.6,490.6
2020-01,NILAMBE/HANTANE/GALAHA,488.48,488.48
2020-01,KADUGANNAWA,457.4,457.4
2020-01,MADULKELLE KNUCKLES,431.14,431.14
2020-01,HUNASGIRIYA/MATALE,408.47,408.47
2020-01,BALANGODA/RAKWANA,562.7,562.7
2020-01,UDAPUSSELLAWA/HALGRANOYA,446.41,446.41
2020-01,MATURATA,361.58,361.58
2020-01,KOSLANDA/HALDUMULLA,593.1,593.1
2020-01,HAPUTALE,556.85,556.85
2020-01,BANDARAWELA/POONAGALLA,485.94,485.94
2020-01,MALWATTE/WELIMADA,451.41,451.41
2020-01,DEMODARA/HALIELLA/BADULLA,500.46,500.46
2020-01,ELLA/NAMUNUKULA,448.55,448.55
2020-01,PASSARA/LUNUGALLA,512.01,512.01
2020-01,MADULSIMA,438.74,438.74
2020-01,DENIYAYA,699.17,699.17
2020-01,GALLE,656.98,656.98
2020-01,KALUTARA,595.79,595.79
2020-01,KEGALLE,557.84,557.84
2020-01,KELLANI VELLI,663.38,663.38
2020-01,KANDY/MATALE/KURUNEGALA,429.01,429.01
2020-01,MATARA,705.12,705.12
2020-01,MORAWAKE,673.03,673.03
2020-01,RATNAPURA,631.41,631.41
2020-01,BALANGODA/RAKWANA,594.35,594.35
2020-02,NUWARA ELIYA,628.99,578.67
2020-02,RAMBODA,550.61,531.1
2020-02,PUNDALUOYA,505.08,497.74
2020-02,AGARAPATANA,515.92,506.51
2020-02,NANUOYA/LINDULA/TALAWAKELE,630.2,610.44
2020-02,PATANA KOTAGALA,554.25,546.06
2020-02,HATTON/DICKOYA,572.06,568.17
2020-02,BOGAWANTALAWA,595.02,580.86
2020-02,UPCOT/MASKELIYA,607.25,596.92
2020-02,WATAWALA/GINIGAT/NORTON,508.9,502.6
2020-02,PUSSELLAWA/HEWAHETA,572.73,547.57
2020-02,KOTMALE,585.81,586.81
2020-02,GAMPOLA/NAWALAPITIYA/DOLOSBAGE,535.81,512.05
2020-02,NILAMBE/HANTANE/GALAHA,519.56,501.24
2020-02,KADUGANNAWA,486.11,470.7
2020-02,MADULKELLE KNUCKLES,487.92,456.19
2020-02,HUNASGIRIYA/MATALE,483.22,441.49
2020-02,BALANGODA/RAKWANA,573.32,567.68
2020-02,UDAPUSSELLAWA/HALGRANOYA,476.52,458.09
2020-02,MATURATA,371.87,364.37
2020-02,KOSLANDA/HALDUMULLA,622.23,606.43
2020-02,HAPUTALE,589.92,572.77
2020-02,BANDARAWELA/POONAGALLA,552.83,514.58
2020-02,MALWATTE/WELIMADA,510.83,478.07
2020-02,DEMODARA/HALIELLA/BADULLA,557.25,527.89
2020-02,ELLA/NAMUNUKULA,503.65,474.68
2020-02,PASSARA/LUNUGALLA,566.93,540.55
2020-02,MADULSIMA,469.48,454.04
2020-02,DENIYAYA,702.4,700.56
2020-02,GALLE,654.12,655.7
2020-02,KALUTARA,597.25,596.46
2020-02,KEGALLE,550.92,554.54
2020-02,KELLANI VELLI,657.89,660.8
2020-02,KANDY/MATALE/KURUNEGALA,460.01,443.95
2020-02,MATARA,685.72,696.57
2020-02,MORAWAKE,673.25,673.13
2020-02,RATNAPURA,639.73,635.06
2020-02,BALANGODA/RAKWANA,596.15,595.15
2020-03,NUWARA ELIYA,632.23,593.52
2020-03,RAMBODA,567.42,541.32
2020-03,PUNDALUOYA,515.01,502.65
2020-03,AGARAPATANA,503.49,505.77
2020-03,NANUOYA/LINDULA/TALAWAKELE,627.12,614.22
2020-03,PATANA KOTAGALA,548.65,546.63
2020-03,HATTON/DICKOYA,554.71,564.88
2020-03,BOGAWANTALAWA,577.76,580.09
2020-03,UPCOT/MASKELIYA,595.85,596.64
2020-03,WATAWALA/GINIGAT/NORTON,496.77,500.92
2020-03,PUSSELLAWA/HEWAHETA,568.61,552.95
2020-03,KOTMALE,570.65,583.3
2020-03,GAMPOLA/NAWALAPITIYA/DOLOSBAGE,519.97,514.14
2020-03,NILAMBE/HANTANE/GALAHA,502.82,501.59
2020-03,KADUGANNAWA,506.02,478.84
2020-03,MADULKELLE KNUCKLES,472.75,460.95
2020-03,HUNASGIRIYA/MATALE,476.35,450.33
2020-03,BALANGODA/RAKWANA,570.36,568.38
2020-03,UDAPUSSELLAWA/HALGRANOYA,489.57,465.86
2020-03,MATURATA,497.43,382.35
2020-03,KOSLANDA/HALDUMULLA,626.62,611.25
2020-03,HAPUTALE,530.48,561.62
2020-03,BANDARAWELA/POONAGALLA,527.44,517.92
2020-03,MALWATTE/WELIMADA,492.71,482.26
2020-03,DEMODARA/HALIELLA/BADULLA,569.05,540.46
2020-03,ELLA/NAMUNUKULA,522.09,491.39
2020-03,PASSARA/LUNUGALLA,563.26,547.58
2020-03,MADULSIMA,512.67,472.01
2020-03,DENIYAYA,699.5,700.33
2020-03,GALLE,659.68,656.6
2020-03,KALUTARA,621.42,602.29
2020-03,KEGALLE,533.41,549.38
2020-03,KELLANI VELLI,664.35,661.7
2020-03,KANDY/MATALE/KURUNEGALA,471.45,451.35
2020-03,MATARA,675.71,692.51
2020-03,MORAWAKE,669.82,672.38
2020-03,RATNAPURA,632.75,634.55
2020-03,BALANGODA,580.67,591.25
2020-04,NUWARA ELIYA,725.36,636.83
2020-04,RAMBODA,640.32,569.87
2020-04,PUNDALUOYA,601.7,534.81
2020-04,AGARAPATANA,595.31,523.41
2020-04,NANUOYA/LINDULA/TALAWAKELE,680.82,626.46
2020-04,PATANA KOTAGALA,619.36,563.66
2020-04,HATTON/DICKOYA,607.38,576.37
2020-04,BOGAWANTALAWA,679.93,605.43
2020-04,UPCOT/MASKELIYA,694.78,618.78
2020-04,WATAWALA/GINIGAT/NORTON,577.57,521.52
2020-04,PUSSELLAWA/HEWAHETA,590.24,562.49
2020-04,KOTMALE,653.86,598.27
2020-04,GAMPOLA/NAWALAPITIYA/DOLOSBAGE,573.21,528.97
2020-04,NILAMBE/HANTANE/GALAHA,590.62,525.39
2020-04,KADUGANNAWA,599.79,505.41
2020-04,MADULKELLE KNUCKLES,538.41,486.17
2020-04,HUNASGIRIYA/MATALE,552.87,477.57
2020-04,BALANGODA/RAKWANA,670.19,596.52
2020-04,UDAPUSSELLAWA/HALGRANOYA,605.27,519.24
2020-04,MATURATA,505.14,419.27
2020-04,KOSLANDA/HALDUMULLA,755.09,646.67
2020-04,HAPUTALE,620.41,582.48
2020-04,BANDARAWELA/POONAGALLA,603.78,542.63
2020-04,MALWATTE/WELIMADA,603.36,520.2
2020-04,DEMODARA/HALIELLA/BADULLA,700.16,599.1
2020-04,ELLA/NAMUNUKULA,553.51,513.68
2020-04,PASSARA/LUNUGALLA,649.78,592.39
2020-04,MADULSIMA,620.7,532.86
2020-04,DENIYAYA,838.23,730.39
2020-04,GALLE,783.57,683.34
2020-04,KALUTARA,682.74,620.87
2020-04,KEGALLE,612.28,563.65
2020-04,KELLANI VELLI,754.16,678.49
2020-04,KANDY/MATALE/KURUNEGALA,549.42,477.75
2020-04,MATARA,792.93,709.34
2020-04,MORAWAKE,807.66,702.07
2020-04,RATNAPURA,774.24,667.67
2020-04,BALANGODA,746.19,636.55
2020-05,NUWARA ELIYA,696.67,648.71
2020-05,RAMBODA,626.15,577.91
2020-05,PUNDALUOYA,631.83,549.72
2020-05,AGARAPATANA,624.29,536.19
2020-05,NANUOYA/LINDULA/TALAWAKELE,724.82,640.85
2020-05,PATANA KOTAGALA,658.08,577.16
2020-05,HATTON/DICKOYA,650.48,588.42
2020-05,BOGAWANTALAWA,706.82,621.21
2020-05,UPCOT/MASKELIYA,708.72,631.49
2020-05,WATAWALA/GINIGAT/NORTON,558.43,529.05
2020-05,PUSSELLAWA/HEWAHETA,580.81,565.29
2020-05,KOTMALE,654.87,606.37
2020-05,GAMPOLA/NAWALAPITIYA/DOLOSBAGE,580.55,535.99
2020-05,NILAMBE/HANTANE/GALAHA,556.64,531.71
2020-05,KADUGANNAWA,605.47,518.49
2020-05,MADULKELLE KNUCKLES,499.65,488.78
2020-05,HUNASGIRIYA/MATALE,513.03,482.1
2020-05,BALANGODA/RAKWANA,660.65,609.34
2020-05,UDAPUSSELLAWA/HALGRANOYA,606.88,541.82
2020-05,MATURATA,493.13,432.27
2020-05,KOSLANDA/HALDUMULLA,753.28,666.77
2020-05,HAPUTALE,646.2,597.23
2020-05,BANDARAWELA/POONAGALLA,593.17,552.92
2020-05,MALWATTE/WELIMADA,550.28,525.3
2020-05,DEMODARA/HALIELLA/BADULLA,662.45,614.59
2020-05,ELLA/NAMUNUKULA,527.33,516.2
2020-05,PASSARA/LUNUGALLA,620.04,599.12
2020-05,MADULSIMA,557.93,540.74
2020-05,DENIYAYA,839.52,753.47
2020-05,GALLE,788.04,702.08
2020-05,KALUTARA,715.62,635.48
2020-05,KEGALLE,643.1,576.82
2020-05,KELLANI VELLI,785.23,698.6
2020-05,KANDY/MATALE/KURUNEGALA,494.33,480.41
2020-05,MATARA,810.39,725.3
2020-05,MORAWAKE,796.98,719.67
2020-05,RATNAPURA,737.49,681.27
2020-05,BALANGODA,691.79,648.78
2020-06,NUWARA ELIYA,590.17,637.76
2020-06,RAMBODA,548.14,571.52
2020-06,PUNDALUOYA,529.6,545.28
2020-06,AGARAPATANA,551.2,540.02
2020-06,NANUOYA/LINDULA/TALAWAKELE,605.09,631.51
2020-06,PATANA KOTAGALA,565.24,573.93
2020-06,HATTON/DICKOYA,596.62,615.22
2020-06,UPCOT/MASKELIYA,604.09,624.56
2020-06,WATAWALA/GINIGAT/NORTON,520.48,527.15
2020-06,PUSSELLAWA/HEWAHETA,564.47,565.09
2020-06,KOTMALE,570.66,594.63
2020-06,GAMPOLA/NAWALAPITIYA/DOLOSBAGE,528.89,534.2
2020-06,NILAMBE/HANTANE/GALAHA,529.06,531.08
2020-06,KADUGANNAWA,535.9,521.99
2020-06,MADULKELLE KNUCKLES,498.49,490.85
2020-06,HUNASGIRIYA/MATALE,497.11,485.17
2020-06,BALANGODA/RAKWANA,585.25,603.84
2020-06,UDAPUSSELLAWA/HALGRANOYA,518.17,535.82
2020-06,MATURATA,496.4,447.55
2020-06,KOSLANDA/HALDUMULLA,648.65,662.62
2020-06,HAPUTALE,563.74,588.67
2020-06,BANDARAWELA/POONAGALLA,526.39,546.71
2020-06,MALWATTE/WELIMADA,509.68,521.87
2020-06,DEMODARA/HALIELLA/BADULLA,593.33,609.09
2020-06,ELLA/NAMUNUKULA,502.93,513.26
2020-06,PASSARA/LUNUGALLA,551.52,587.57
2020-06,MADULSIMA,498.23,529.39
2020-06,DENIYAYA,727.39,747.15
2020-06,GALLE,694.38,700.44
2020-06,KALUTARA,624.41,633.18
2020-06,KEGALLE,580.21,577.56
2020-06,KELLANI VELLI,686.41,695.85
2020-06,KANDY/MATALE/KURUNEGALA,475.71,479.41
2020-06,MATARA,720.58,724.26
2020-06,MORAWAKE,715.21,718.7
2020-06,RATNAPURA,649.28,674.23
2020-06,BALANGODA,610.29,639.08
2020-07,NUWARA ELIYA,559.42,626.15
2020-07,RAMBODA,522.88,562.42
2020-07,PUNDALUOYA,499.83,538.57
2020-07,AGARAPATANA,502.69,532.94
2020-07,NANUOYA/LINDULA/TALAWAKELE,563.77,621.32
2020-07,PATANA KOTAGALA,515.06,564.81
2020-07,HATTON/DICKOYA,526.1,574.29
2020-07,BOGAWANTALAWA,549.79,604.58
2020-07,UPCOT/MASKELIYA,559.64,615.44
2020-07,WATAWALA/GINIGAT/NORTON,483.28,520.02
2020-07,PUSSELLAWA/HEWAHETA,522.43,558.11
2020-07,KOTMALE,561.4,589.88
2020-07,GAMPOLA/NAWALAPITIYA/DOLOSBAGE,520.22,532.12
2020-07,NILAMBE/HANTANE/GALAHA,513.74,528.28
2020-07,KADUGANNAWA,518.36,521.53
2020-07,MADULKELLE KNUCKLES,462.53,487.06
2020-07,HUNASGIRIYA/MATALE,501.2,488.95
2020-07,BALANGODA/RAKWANA,583.07,600.43
2020-07,UDAPUSSELLAWA/HALGRANOYA,493.75,528.56
2020-07,MATURATA,464.68,450.08
2020-07,KOSLANDA/HALDUMULLA,678.47,664.98
2020-07,HAPUTALE,532.43,578.23
2020-07,BANDARAWELA/POONAGALLA,516.83,541.66
2020-07,MALWATTE/WELIMADA,524.8,522.34
2020-07,DEMODARA/HALIELLA/BADULLA,580.19,604.44
2020-07,ELLA/NAMUNUKULA,489.57,509.27
2020-07,PASSARA/LUNUGALLA,540.57,580.04
2020-07,MADULSIMA,482.49,520.96
2020-07,DENIYAYA,737.66,745.64
2020-07,GALLE,710.19,701.95
2020-07,KALUTARA,645.18,634.99
2020-07,KEGALLE,595.23,580.19
2020-07,KELLANI VELLI,689.32,694.71
2020-07,KANDY/MATALE/KURUNEGALA,484.46,480.24
2020-07,MATARA,734.85,725.93
2020-07,MORAWAKE,710.52,717.35
2020-07,RATNAPURA,661.05,672.13
2020-07,BALANGODA,610.87,634.21
2020-08,NUWARA ELIYA,559.23,618.13
2020-08,RAMBODA,560.79,562.26
2020-08,PUNDALUOYA,517.71,536.06
2020-08,AGARAPATANA,495.82,528.56
2020-08,NANUOYA/LINDULA/TALAWAKELE,578.18,616.37
2020-08,PATANA KOTAGALA,524.52,559.66
2020-08,HATTON/DICKOYA,523.67,567.6
2020-08,BOGAWANTALAWA,557.61,599.94
2020-08,UPCOT/MASKELIYA,562.36,610.32
2020-08,WATAWALA/GINIGAT/NORTON,492.85,515.11
2020-08,PUSSELLAWA/HEWAHETA,552.59,557.42
2020-08,KOTMALE,592.1,590.06
2020-08,GAMPOLA/NAWALAPITIYA/DOLOSBAGE,545.34,533.91
2020-08,NILAMBE/HANTANE/GALAHA,524.35,527.92
2020-08,KADUGANNAWA,518.01,521.17
2020-08,MADULKELLE KNUCKLES,485.47,486.93
2020-08,HUNASGIRIYA/MATALE,534.15,494.21
2020-08,BALANGODA,576.43,597.46
2020-08,UDAPUSSELLAWA/HALGRANOYA,485.54,523.43
2020-08,MATURATA,434.4,447.76
2020-08,KOSLANDA/HALDUMULLA,661.65,664.55
2020-08,HAPUTALE,546.6,574.81
2020-08,BANDARAWELA/POONAGALLA,547.24,542.35
2020-08,MALWATTE/WELIMADA,564.88,527.36
2020-08,DEMODARA/HALIELLA/BADULLA,581.76,601.76
2020-08,ELLA/NAMUNUKULA,536.86,512.26
2020-08,PASSARA/LUNUGALLA,554.77,576.96
2020-08,MADULSIMA,483.06,515.97
2020-08,DENIYAYA,734.77,744.21
2020-08,GALLE,704.73,702.31
2020-08,KALUTARA,637.11,635.25
2020-08,KEGALLE,591.7,581.64
2020-08,KELLANI VELLI,689.52,693.99
2020-08,KANDY/MATALE/KURUNEGALA,483.45,480.64
2020-08,MATARA,733.33,726.95
2020-08,MORAWAKE,705.6,715.8
2020-08,RATNAPURA,657.38,670.16
2020-08,BALANGODA,609.18,630.69
2020-09,NUWARA ELIYA,571.29,612.72
2020-09,RAMBODA,591.99,564.66
2020-09,PUNDALUOYA,531.28,535.37
2020-09,AGARAPATANA,518.9,527.39
2020-09,NANUOYA/LINDULA/TALAWAKELE,618.48,616.62
2020-09,PATANA KOTAGALA,533.45,556.42
2020-09,HATTON/DICKOYA,543.71,564.93
2020-09,BOGAWANTALAWA,583.9,598.21
2020-09,UPCOT/MASKELIYA,604.11,609.7
2020-09,WATAWALA/GINIGAT/NORTON,490.59,510.86
2020-09,PUSSELLAWA/HEWAHETA,550.77,556.61
2020-09,KOTMALE,561.24,587.12
2020-09,GAMPOLA/NAWALAPITIYA/DOLOSBAGE,542.91,535.14
2020-09,NILAMBE/HANTANE/GALAHA,489.42,524.5
2020-09,KADUGANNAWA,561.18,525.48
2020-09,MADULKELLE KNUCKLES,500.56,488.68
2020-09,HUNASGIRIYA/MATALE,529.39,498.23
2020-09,BALANGODA/RAKWANA,556.88,592.16
2020-09,UDAPUSSELLAWA/HALGRANOYA,488.1,518.49
2020-09,MATURATA,454.0,448.43
2020-09,KOSLANDA/HALDUMULLA,600.59,654.67
2020-09,HAPUTALE,550.59,571.96
2020-09,BANDARAWELA/POONAGALLA,571.15,546.28
2020-09,MALWATTE/WELIMADA,560.88,531.59
2020-09,DEMODARA/HALIELLA/BADULLA,574.62,598.18
2020-09,ELLA/NAMUNUKULA,521.16,513.2
2020-09,PASSARA/LUNUGALLA,567.96,575.66
2020-09,MADULSIMA,478.06,510.73
2020-09,DENIYAYA,727.35,741.85
2020-09,GALLE,696.67,701.54
2020-09,KALUTARA,639.03,635.77
2020-09,KEGALLE,593.99,583.33
2020-09,KELLANI VELLI,677.8,691.53
2020-09,KANDY/MATALE/KURUNEGALA,494.51,482.66
2020-09,MATARA,735.76,728.24
2020-09,MORAWAKE,704.74,714.17
2020-09,RATNAPURA,655.38,668.12
2020-09,BALANGODA,607.16,627.57
2020-10,NUWARA ELIYA,658.97,616.76
2020-10,RAMBODA,619.06,568.32
2020-10,PUNDALUOYA,589.11,539.61
2020-10,AGARAPATANA,579.52,531.56
2020-10,NANUOYA/LINDULA/TALAWAKELE,667.34,620.62
2020-10,PATANA KOTAGALA,570.11,557.8
2020-10,HATTON/DICKOYA,596.74,567.54
2020-10,BOGAWANTALAWA,636.43,601.32
2020-10,UPCOT/MASKELIYA,658.19,612.82
2020-10,WATAWALA/GINIGAT/NORTON,536.94,513.65
2020-10,PUSSELLAWA/HEWAHETA,586.72,559.24
2020-10,KOTMALE,610.49,589.34
2020-10,GAMPOLA/NAWALAPITIYA/DOLOSBAGE,574.2,538.76
2020-10,NILAMBE/HANTANE/GALAHA,583.12,529.41
2020-10,KADUGANNAWA,557.86,528.16
2020-10,MADULKELLE KNUCKLES,513.55,490.85
2020-10,HUNASGIRIYA/MATALE,522.92,500.09
2020-10,BALANGODA/RAKWANA,592.55,592.19
2020-10,UDAPUSSELLAWA/HALGRANOYA,538.25,520.3
2020-10,MATURATA,506.74,453.59
2020-10,KOSLANDA/HALDUMULLA,672.91,656.34
2020-10,HAPUTALE,576.46,572.4
2020-10,BANDARAWELA/POONAGALLA,567.81,548.73
2020-10,MALWATTE/WELIMADA,577.83,534.73
2020-10,DEMODARA/HALIELLA/BADULLA,592.65,597.71
2020-10,ELLA/NAMUNUKULA,538.72,514.93
2020-10,PASSARA/LUNUGALLA,592.96,577.33
2020-10,MADULSIMA,517.71,511.41
2020-10,DENIYAYA,758.92,743.52
2020-10,GALLE,706.83,702.03
2020-10,KALUTARA,643.64,636.45
2020-10,KEGALLE,594.15,584.38
2020-10,KELLANI VELLI,690.59,691.43
2020-10,KANDY/MATALE/KURUNEGALA,511.44,485.24
2020-10,MATARA,750.73,730.65
2020-10,MORAWAKE,725.54,715.32
2020-10,RATNAPURA,671.84,668.49
2020-10,BALANGODA,611.39,626.03
2020-11,NUWARA ELIYA,662.29,621.09
2020-11,RAMBODA,626.3,571.81
2020-11,PUNDALUOYA,617.5,544.93
2020-11,AGARAPATANA,621.22,538.42
2020-11,NANUOYA/LINDULA/TALAWAKELE,686.31,625.62
2020-11,PATANA KOTAGALA,627.92,563.06
2020-11,HATTON/DICKOYA,646.39,572.43
2020-11,BOGAWANTALAWA,658.38,605.65
2020-11,UPCOT/MASKELIYA,680.77,617.78
2020-11,WATAWALA/GINIGAT/NORTON,592.56,520.61
2020-11,PUSSELLAWA/HEWAHETA,605.75,563.11
2020-11,KOTMALE,583.16,588.82
2020-11,GAMPOLA/NAWALAPITIYA/DOLOSBAGE,578.98,542.02
2020-11,NILAMBE/HANTANE/GALAHA,558.52,531.9
2020-11,KADUGANNAWA,556.23,530.22
2020-11,MADULKELLE KNUCKLES,514.15,492.54
2020-11,HUNASGIRIYA/MATALE,528.9,501.8
2020-11,BALANGODA/RAKWANA,588.3,591.85
2020-11,UDAPUSSELLAWA/HALGRANOYA,551.31,523.12
2020-11,MATURATA,510.72,455.69
2020-11,KOSLANDA/HALDUMULLA,639.62,654.67
2020-11,HAPUTALE,604.68,575.18
2020-11,BANDARAWELA/POONAGALLA,594.64,553.87
2020-11,MALWATTE/WELIMADA,574.27,537.24
2020-11,DEMODARA/HALIELLA/BADULLA,582.32,596.43
2020-11,ELLA/NAMUNUKULA,548.33,517.33
2020-11,PASSARA/LUNUGALLA,591.36,578.6
2020-11,MADULSIMA,531.7,513.3
2020-11,DENIYAYA,728.89,742.11
2020-11,GALLE,692.29,701.13
2020-11,KALUTARA,629.4,635.83
2020-11,KEGALLE,591.71,585.01
2020-11,KELLANI VELLI,679.92,690.26
2020-11,KANDY/MATALE/KURUNEGALA,515.76,487.72
2020-11,MATARA,727.56,730.33
2020-11,MORAWAKE,700.63,713.88
2020-11,RATNAPURA,657.11,667.42
2020-11,BALANGODA,601.62,623.95
2020-12,NUWARA ELIYA,660.45,624.29
2020-12,RAMBODA,639.76,577.1
2020-12,PUNDALUOYA,613.66,550.33
2020-12,PUNDALUOYA,613.66,550.33
2020-12,AGARAPATANA,624.98,545.75
2020-12,NANUOYA/LINDULA/TALAWAKELE,692.97,631.73
2020-12,PATANA KOTAGALA,635.87,571.45
2020-12,HATTON/DICKOYA,646.27,578.14
2020-12,BOGAWANTALAWA,664.04,610.9
2020-12,UPCOT/MASKELIYA,685.98,623.79
2020-12,WATAWALA/GINIGAT/NORTON,609.0,526.74
2020-12,PUSSELLAWA/HEWAHETA,622.89,568.41
2020-12,KOTMALE,623.18,592.23
2020-12,GAMPOLA/NAWALAPITIYA/DOLOSBAGE,603.34,547.37
2020-12,NILAMBE/HANTANE/GALAHA,603.83,537.6
2020-12,KADUGANNAWA,553.72,531.94
2020-12,MADULKELLE KNUCKLES,536.11,495.34
2020-12,HUNASGIRIYA/MATALE,515.45,502.86
2020-12,BALANGODA/RAKWANA,596.65,592.25
2020-12,UDAPUSSELLAWA/HALGRANOYA,566.69,526.29
2020-12,MATURATA,478.08,456.85
2020-12,KOSLANDA/HALDUMULLA,637.77,653.46
2020-12,HAPUTALE,634.59,579.51
2020-12,BANDARAWELA/POONAGALLA,558.88,554.31
2020-12,MALWATTE/WELIMADA,542.5,537.53
2020-12,DEMODARA/HALIELLA/BADULLA,584.39,595.6
2020-12,ELLA/NAMUNUKULA,560.44,519.93
2020-12,PASSARA/LUNUGALLA,579.73,578.69
2020-12,MADULSIMA,516.26,513.5
2020-12,DENIYAYA,719.93,740.17
2020-12,GALLE,685.22,699.81
2020-12,KALUTARA,615.37,634.23
2020-12,KEGALLE,612.2,587.21
2020-12,KELLANI VELLI,689.93,690.23
2020-12,KANDY/MATALE/KURUNEGALA,519.64,490.06
2020-12,MATARA,714.63,728.82
2020-12,MORAWAKE,690.76,711.86
2020-12,RATNAPURA,660.6,666.85
2020-12,BALANGODA,617.25,623.42
2021-01,NUWARA ELIYA,646.34,646.34
2021-01,RAMBODA,626.23,626.23
2021-01,PUNDALUOYA,569.66,569.66
2021-01,AGARAPATANA,609.74,609.74
2021-01,NANUOYA/LINDULA/TALAWAKELE,667.58,667.58
2021-01,PATANA KOTAGALA,598.41,598.41
2021-01,HATTON/DICKOYA,611.63,611.63
2021-01,BOGAWANTALAWA,633.35,633.35
2021-01,UPCOT/MASKELIYA,641.57,641.57
2021-01,WATAWALA/GINIGAT/NORTON,574.01,574.01
2021-01,PUSSELLAWA/HEWAHETA,602.07,602.07
2021-01,KOTMALE,619.87,619.87
2021-01,GAMPOLA/NAWALAPITIYA/DOLOSBAGE,584.71,584.71
2021-01,NILAMBE/HANTANE/GALAHA,608.56,608.56
2021-01,KADUGANNAWA,572.02,572.02
2021-01,MADULKELLE KNUCKLES,538.1,538.1
2021-01,HUNASGIRIYA/MATALE,528.89,528.89
2021-01,BALANGODA/RAKWANA,616.62,616.62
2021-01,UDAPUSSELLAWA/HALGRANOYA,564.64,564.64
2021-01,MATURATA,498.56,498.56
2021-01,KOSLANDA/HALDUMULLA,628.3,628.3
2021-01,HAPUTALE,592.45,592.45
2021-01,BANDARAWELA/POONAGALLA,596.46,596.46
2021-01,MALWATTE/WELIMADA,565.21,565.21
2021-01,DEMODARA/HALIELLA/BADULLA,598.63,598.63
2021-01,ELLA/NAMUNUKULA,574.37,574.37
2021-01,PASSARA/LUNUGALLA,580.23,580.23
2021-01,MADULSIMA,548.7,548.7
2021-01,DENIYAYA,726.5,726.5
2021-01,GALLE,695.08,695.08
2021-01,KALUTARA,652.07,652.07
2021-01,KEGALLE,621.35,621.35
2021-01,KELLANI VELLI,678.95,678.95
2021-01,KANDY/MATALE/KURUNEGALA,529.72,529.72
2021-01,MATARA,720.3,720.3
2021-01,MORAWAKE,698.96,698.96
2021-01,RATNAPURA,669.05,669.05
2021-01,BALANGODA,620.49,620.49
2021-02,NUWARA ELIYA,655.64,650.77
2021-02,RAMBODA,615.06,621.31
2021-02,PUNDALUOYA,563.4,566.47
2021-02,AGARAPATANA,600.6,605.45
2021-02,NANUOYA/LINDULA/TALAWAKELE,671.62,669.55
2021-02,PATANA KOTAGALA,597.05,597.77
2021-02,HATTON/DICKOYA,603.78,607.73
2021-02,BOGAWANTALAWA,631.91,632.64
2021-02,UPCOT/MASKELIYA,640.57,641.11
2021-02,WATAWALA/GINIGAT/NORTON,561.51,567.24
2021-02,PUSSELLAWA/HEWAHETA,595.16,598.82
2021-02,KOTMALE,635.12,627.37
2021-02,GAMPOLA/NAWALAPITIYA/DOLOSBAGE,592.72,588.58
2021-02,NILAMBE/HANTANE/GALAHA,584.25,597.16
2021-02,KADUGANNAWA,583.66,577.55
2021-02,MADULKELLE KNUCKLES,537.07,537.62
2021-02,HUNASGIRIYA/MATALE,564.6,548.86
2021-02,BALANGODA/RAKWANA,597.6,608.12
2021-02,UDAPUSSELLAWA/HALGRANOYA,565.89,565.22
2021-02,MATURATA,457.28,474.06
2021-02,KOSLANDA/HALDUMULLA,709.46,664.9
2021-02,HAPUTALE,585.24,589.26
2021-02,BANDARAWELA/POONAGALLA,584.98,591.12
2021-02,MALWATTE/WELIMADA,545.03,555.71
2021-02,DEMODARA/HALIELLA/BADULLA,590.29,595.27
2021-02,ELLA/NAMUNUKULA,549.59,561.35
2021-02,PASSARA/LUNUGALLA,555.35,569.95
2021-02,MADULSIMA,545.22,547.05
2021-02,DENIYAYA,720.87,723.81
2021-02,GALLE,697.51,696.32
2021-02,KALUTARA,644.74,648.32
2021-02,KEGALLE,625.1,623.14
2021-02,KELLANI VELLI,687.49,682.96
2021-02,KANDY/MATALE/KURUNEGALA,535.47,532.26
2021-02,MATARA,717.32,718.8
2021-02,MORAWAKE,702.82,700.84
2021-02,RATNAPURA,671.28,670.09
2021-02,BALANGODA,606.61,614.97
2021-03,NUWARA ELIYA,680.66,661.84
2021-03,RAMBODA,634.93,626.09
2021-03,PUNDALUOYA,566.15,566.35
2021-03,AGARAPATANA,603.02,604.62
2021-03,NANUOYA/LINDULA/TALAWAKELE,724.07,690.75
2021-03,PATANA KOTAGALA,595.8,597.07
2021-03,HATTON/DICKOYA,594.22,602.66
2021-03,BOGAWANTALAWA,645.97,637.44
2021-03,UPCOT/MASKELIYA,650.06,644.26
2021-03,WATAWALA/GINIGAT/NORTON,543.17,557.84
2021-03,PUSSELLAWA/HEWAHETA,623.15,606.76
2021-03,KOTMALE,636.97,631.19
2021-03,GAMPOLA/NAWALAPITIYA/DOLOSBAGE,599.84,592.82
2021-03,NILAMBE/HANTANE/GALAHA,603.62,599.44
2021-03,KADUGANNAWA,591.11,582.93
2021-03,MADULKELLE KNUCKLES,568.4,547.74
2021-03,HUNASGIRIYA/MATALE,659.25,601.77
2021-03,BALANGODA/RAKWANA,626.02,614.49
2021-03,UDAPUSSELLAWA/HALGRANOYA,557.24,562.83
2021-03,MATURATA,507.29,487.2
2021-03,KOSLANDA/HALDUMULLA,718.7,681.58
2021-03,HAPUTALE,632.2,604.01
2021-03,BANDARAWELA/POONAGALLA,602.66,594.38
2021-03,MALWATTE/WELIMADA,587.38,563.94
2021-03,DEMODARA/HALIELLA/BADULLA,611.09,600.46
2021-03,ELLA/NAMUNUKULA,577.4,567.89
2021-03,PASSARA/LUNUGALLA,601.96,579.76
2021-03,MADULSIMA,572.54,554.69
2021-03,DENIYAYA,732.55,726.83
2021-03,GALLE,697.32,696.68
2021-03,KALUTARA,641.75,645.94
2021-03,KEGALLE,630.0,625.69
2021-03,KELLANI VELLI,688.38,684.9
2021-03,KANDY/MATALE/KURUNEGALA,537.79,534.29
2021-03,MATARA,718.28,718.62
2021-03,MORAWAKE,703.59,701.86
2021-03,RATNAPURA,675.32,671.94
2021-03,BALANGODA,638.85,623.09
2021-04,NUWARA ELIYA,674.05,664.45
2021-04,RAMBODA,613.62,623.73
2021-04,PUNDALUOYA,601.36,572.71
2021-04,AGARAPATANA,602.88,604.31
2021-04,NANUOYA/LINDULA/TALAWAKELE,701.87,692.78
2021-04,PATANA KOTAGALA,581.24,594.11
2021-04,HATTON/DICKOYA,585.46,599.29
2021-04,BOGAWANTALAWA,634.81,636.91
2021-04,UPCOT/MASKELIYA,638.08,642.99
2021-04,WATAWALA/GINIGAT/NORTON,531.58,552.62
2021-04,PUSSELLAWA/HEWAHETA,594.94,604.36
2021-04,KOTMALE,592.4,623.54
2021-04,GAMPOLA/NAWALAPITIYA/DOLOSBAGE,564.75,587.43
2021-04,NILAMBE/HANTANE/GALAHA,565.16,592.94
2021-04,KADUGANNAWA,542.5,574.8
2021-04,MADULKELLE KNUCKLES,523.42,543.74
2021-04,HUNASGIRIYA/MATALE,568.63,594.61
2021-04,BALANGODA/RAKWANA,587.56,608.65
2021-04,UDAPUSSELLAWA/HALGRANOYA,572.73,564.85
2021-04,MATURATA,549.75,506.43
2021-04,KOSLANDA/HALDUMULLA,681.88,681.63
2021-04,HAPUTALE,611.44,605.99
2021-04,BANDARAWELA/POONAGALLA,615.39,599.11
2021-04,MALWATTE/WELIMADA,582.0,567.57
2021-04,DEMODARA/HALIELLA/BADULLA,598.42,599.98
2021-04,ELLA/NAMUNUKULA,566.35,567.56
2021-04,PASSARA/LUNUGALLA,577.55,579.27
2021-04,MADULSIMA,557.28,555.36
2021-04,DENIYAYA,708.77,723.51
2021-04,GALLE,671.67,692.12
2021-04,KALUTARA,612.24,639.83
2021-04,KEGALLE,572.55,614.3
2021-04,KELLANI VELLI,649.99,678.27
2021-04,KANDY/MATALE/KURUNEGALA,511.21,529.8
2021-04,MATARA,696.84,714.48
2021-04,MORAWAKE,676.08,696.88
2021-04,RATNAPURA,647.66,667.29
2021-04,BALANGODA,603.73,619.02
2021-05,NUWARA ELIYA,627.87,654.8
2021-05,RAMBODA,580.23,614.84
2021-05,PUNDALUOYA,566.92,571.64
2021-05,AGARAPATANA,566.09,595.18
2021-05,NANUOYA/LINDULA/TALAWAKELE,653.29,684.41
2021-05,PATANA KOTAGALA,549.49,582.58
2021-05,HATTON/DICKOYA,555.47,590.1
2021-05,BOGAWANTALAWA,603.62,630.91
2021-05,UPCOT/MASKELIYA,598.05,632.99
2021-05,WATAWALA/GINIGAT/NORTON,486.27,541.7
2021-05,PUSSELLAWA/HEWAHETA,564.57,595.83
2021-05,KOTMALE,577.51,612.13
2021-05,GAMPOLA/NAWALAPITIYA/DOLOSBAGE,554.3,580.35
2021-05,NILAMBE/HANTANE/GALAHA,530.49,580.43
2021-05,KADUGANNAWA,536.4,566.64
2021-05,MADULKELLE KNUCKLES,498.19,534.76
2021-05,HUNASGIRIYA/MATALE,560.91,586.88
2021-05,BALANGODA/RAKWANA,570.27,599.81
2021-05,UDAPUSSELLAWA/HALGRANOYA,525.11,553.38
2021-05,MATURATA,515.85,509.7
2021-05,KOSLANDA/HALDUMULLA,691.29,683.56
2021-05,HAPUTALE,560.32,593.91
2021-05,BANDARAWELA/POONAGALLA,542.54,585.75
2021-05,MALWATTE/WELIMADA,565.88,567.1
2021-05,DEMODARA/HALIELLA/BADULLA,577.31,594.11
2021-05,ELLA/NAMUNUKULA,531.27,558.91
2021-05,PASSARA/LUNUGALLA,549.86,571.49
2021-05,MADULSIMA,522.35,546.16
2021-05,DENIYAYA,697.04,717.93
2021-05,GALLE,673.28,688.55
2021-05,KALUTARA,616.3,635.43
2021-05,KEGALLE,581.15,607.11
2021-05,KELLANI VELLI,645.0,671.55
2021-05,KANDY/MATALE/KURUNEGALA,498.95,523.62
2021-05,MATARA,692.34,710.04
2021-05,MORAWAKE,673.02,691.95
2021-05,RATNAPURA,634.51,660.37
2021-05,BALANGODA,567.84,606.33
2021-06,NUWARA ELIYA,610.65,645.03
2021-06,RAMBODA,560.69,602.49
2021-06,PUNDALUOYA,536.93,564.33
2021-06,AGARAPATANA,526.17,578.94
2021-06,NANUOYA/LINDULA/TALAWAKELE,635.23,673.53
2021-06,PATANA KOTAGALA,519.9,568.1
2021-06,HATTON/DICKOYA,516.94,575.13
2021-06,BOGAWANTALAWA,553.95,616.54
2021-06,UPCOT/MASKELIYA,568.27,619.68
2021-06,WATAWALA/GINIGAT/NORTON,445.9,526.81
2021-06,PUSSELLAWA/HEWAHETA,558.5,587.3
2021-06,KOTMALE,540.64,596.45
2021-06,GAMPOLA/NAWALAPITIYA/DOLOSBAGE,545.96,572.75
2021-06,NILAMBE/HANTANE/GALAHA,522.2,566.23
2021-06,KADUGANNAWA,499.38,549.56
2021-06,MADULKELLE KNUCKLES,478.25,522.06
2021-06,HUNASGIRIYA/MATALE,523.23,569.01
2021-06,BALANGODA/RAKWANA,550.84,589.56
2021-06,UDAPUSSELLAWA/HALGRANOYA,494.8,539.7
2021-06,MATURATA,466.15,495.47
2021-06,KOSLANDA/HALDUMULLA,696.31,685.37
2021-06,HAPUTALE,541.48,581.0
2021-06,BANDARAWELA/POONAGALLA,533.37,574.09
2021-06,MALWATTE/WELIMADA,546.31,562.12
2021-06,DEMODARA/HALIELLA/BADULLA,553.19,584.25
2021-06,ELLA/NAMUNUKULA,486.97,542.01
2021-06,PASSARA/LUNUGALLA,539.72,563.9
2021-06,MADULSIMA,480.82,529.62
2021-06,DENIYAYA,683.44,710.87
2021-06,GALLE,653.11,681.58
2021-06,KALUTARA,596.07,627.85
2021-06,KEGALLE,561.32,597.88
2021-06,KELLANI VELLI,620.17,661.68
2021-06,KANDY/MATALE/KURUNEGALA,481.49,514.76
2021-06,MATARA,677.08,703.59
2021-06,MORAWAKE,653.58,684.0
2021-06,RATNAPURA,609.07,650.33
2021-06,BALANGODA,543.51,593.13
2021-07,NUWARA ELIYA,611.94,640.66
2021-07,RAMBODA,548.08,595.37
2021-07,PUNDALUOYA,531.33,559.57
2021-07,AGARAPATANA,514.49,570.48
2021-07,NANUOYA/LINDULA/TALAWAKELE,658.19,671.57
2021-07,PATANA KOTAGALA,520.0,561.71
2021-07,HATTON/DICKOYA,507.85,566.62
2021-07,BOGAWANTALAWA,530.42,605.73
2021-07,UPCOT/MASKELIYA,579.36,614.52
2021-07,WATAWALA/GINIGAT/NORTON,436.61,513.64
2021-07,PUSSELLAWA/HEWAHETA,539.97,581.21
2021-07,KOTMALE,538.98,589.08
2021-07,GAMPOLA/NAWALAPITIYA/DOLOSBAGE,519.81,565.55
2021-07,NILAMBE/HANTANE/GALAHA,510.73,557.35
2021-07,KADUGANNAWA,504.11,542.73
2021-07,MADULKELLE KNUCKLES,479.61,516.28
2021-07,HUNASGIRIYA/MATALE,520.14,560.32
2021-07,BALANGODA/RAKWANA,542.04,582.73
2021-07,UDAPUSSELLAWA/HALGRANOYA,483.79,531.3
2021-07,MATURATA,502.81,497.3
2021-07,KOSLANDA/HALDUMULLA,679.62,684.51
2021-07,HAPUTALE,549.63,576.24
2021-07,BANDARAWELA/POONAGALLA,533.4,567.61
2021-07,MALWATTE/WELIMADA,530.58,557.38
2021-07,DEMODARA/HALIELLA/BADULLA,566.96,581.54
2021-07,ELLA/NAMUNUKULA,511.78,538.35
2021-07,PASSARA/LUNUGALLA,543.26,560.78
2021-07,MADULSIMA,499.45,524.88
2021-07,DENIYAYA,685.75,707.55
2021-07,GALLE,658.6,678.48
2021-07,KALUTARA,600.18,624.24
2021-07,KEGALLE,554.24,592.62
2021-07,KELLANI VELLI,629.48,657.48
2021-07,KANDY/MATALE/KURUNEGALA,481.1,509.86
2021-07,MATARA,678.97,700.3
2021-07,MORAWAKE,653.84,679.8
2021-07,RATNAPURA,617.05,645.99
2021-07,BALANGODA,574.2,590.62
2021-08,NUWARA ELIYA,577.05,632.76
2021-08,RAMBODA,549.51,590.37
2021-08,PUNDALUOYA,547.1,557.68
2021-08,AGARAPATANA,513.96,563.56
2021-08,NANUOYA/LINDULA/TALAWAKELE,634.92,667.15
2021-08,PATANA KOTAGALA,519.37,556.83
2021-08,HATTON/DICKOYA,518.18,561.16
2021-08,BOGAWANTALAWA,556.69,600.24
2021-08,UPCOT/MASKELIYA,585.14,610.59
2021-08,WATAWALA/GINIGAT/NORTON,413.57,499.17
2021-08,PUSSELLAWA/HEWAHETA,540.5,575.93
2021-08,KOTMALE,561.53,585.67
2021-08,GAMPOLA/NAWALAPITIYA/DOLOSBAGE,520.6,559.18
2021-08,NILAMBE/HANTANE/GALAHA,563.19,558.27
2021-08,KADUGANNAWA,505.95,537.13
2021-08,MADULKELLE KNUCKLES,478.37,512.22
2021-08,HUNASGIRIYA/MATALE,490.89,548.43
2021-08,BALANGODA/RAKWANA,545.73,577.79
2021-08,UDAPUSSELLAWA/HALGRANOYA,469.76,522.47
2021-08,MATURATA,384.55,468.03
2021-08,KOSLANDA/HALDUMULLA,647.58,677.68
2021-08,HAPUTALE,557.46,573.3
2021-08,BANDARAWELA/POONAGALLA,514.08,560.24
2021-08,MALWATTE/WELIMADA,710.68,582.39
2021-08,DEMODARA/HALIELLA/BADULLA,600.97,584.46
2021-08,ELLA/NAMUNUKULA,501.22,532.98
2021-08,PASSARA/LUNUGALLA,534.72,556.81
2021-08,MADULSIMA,480.78,517.89
2021-08,DENIYAYA,685.12,704.44
2021-08,GALLE,647.16,673.98
2021-08,KALUTARA,596.68,620.42
2021-08,KEGALLE,551.99,587.13
2021-08,KELLANI VELLI,619.5,651.88
2021-08,KANDY/MATALE/KURUNEGALA,490.4,507.15
2021-08,MATARA,671.79,696.34
2021-08,MORAWAKE,645.05,675.05
2021-08,RATNAPURA,611.01,641.33
2021-08,BALANGODA,559.38,586.13
2021-09,NUWARA ELIYA,601.63,629.57
2021-09,RAMBODA,519.35,585.66
2021-09,PUNDALUOYA,563.61,558.32
2021-09,AGARAPATANA,536.08,561.49
2021-09,NANUOYA/LINDULA/TALAWAKELE,645.28,665.3
2021-09,PATANA KOTAGALA,534.09,555.1
2021-09,HATTON/DICKOYA,528.02,558.33
2021-09,BOGAWANTALAWA,585.17,598.83
2021-09,UPCOT/MASKELIYA,596.03,609.24
2021-09,WATAWALA/GINIGAT/NORTON,403.4,491.55
2021-09,PUSSELLAWA/HEWAHETA,536.73,572.74
2021-09,KOTMALE,551.37,583.38
2021-09,GAMPOLA/NAWALAPITIYA/DOLOSBAGE,509.56,554.47
2021-09,NILAMBE/HANTANE/GALAHA,517.4,554.94
2021-09,KADUGANNAWA,500.31,533.24
2021-09,MADULKELLE KNUCKLES,437.87,504.37
2021-09,HUNASGIRIYA/MATALE,455.63,541.26
2021-09,BALANGODA/RAKWANA,529.74,573.37
2021-09,UDAPUSSELLAWA/HALGRANOYA,477.86,517.79
2021-09,MATURATA,468.46,468.09
2021-09,KOSLANDA/HALDUMULLA,618.71,670.67
2021-09,HAPUTALE,560.98,571.97
2021-09,BANDARAWELA/POONAGALLA,483.97,552.11
2021-09,MALWATTE/WELIMADA,542.19,578.55
2021-09,DEMODARA/HALIELLA/BADULLA,558.08,581.97
2021-09,ELLA/NAMUNUKULA,471.03,524.85
2021-09,PASSARA/LUNUGALLA,533.92,554.13
2021-09,MADULSIMA,477.43,513.73
2021-09,DENIYAYA,691.29,703.12
2021-09,GALLE,652.36,671.87
2021-09,KALUTARA,583.92,616.49
2021-09,KEGALLE,530.72,581.57
2021-09,KELLANI VELLI,629.38,649.84
2021-09,KANDY/MATALE/KURUNEGALA,487.1,505.35
2021-09,MATARA,684.41,695.21
2021-09,MORAWAKE,664.33,674.02
2021-09,RATNAPURA,614.58,638.83
2021-09,BALANGODA,553.21,583.06
2021-10,NUWARA ELIYA,604.64,627.72
2021-10,RAMBODA,585.94,585.67
2021-10,PUNDALUOYA,578.59,560.01
2021-10,AGARAPATANA,558.74,561.32
2021-10,NANUOYA/LINDULA/TALAWAKELE,667.3,665.44
2021-10,PATANA KOTAGALA,586.35,556.91
2021-10,HATTON/DICKOYA,583.98,560.21
2021-10,BOGAWANTALAWA,629.76,600.78
2021-10,UPCOT/MASKELIYA,644.78,611.82
2021-10,WATAWALA/GINIGAT/NORTON,392.0,487.26
2021-10,PUSSELLAWA/HEWAHETA,567.61,572.33
2021-10,KOTMALE,572.7,582.67
2021-10,GAMPOLA/NAWALAPITIYA/DOLOSBAGE,532.14,552.65
2021-10,NILAMBE/HANTANE/GALAHA,524.2,552.25
2021-10,KADUGANNAWA,535.26,533.46
2021-10,MADULKELLE KNUCKLES,472.98,502.0
2021-10,HUNASGIRIYA/MATALE,497.67,537.94
2021-10,BALANGODA,550.32,571.76
2021-10,UDAPUSSELLAWA/HALGRANOYA,513.46,517.47
2021-10,MATURATA,495.5,470.51
2021-10,KOSLANDA/HALDUMULLA,660.85,669.82
2021-10,HAPUTALE,577.21,572.41
2021-10,BANDARAWELA/POONAGALLA,523.6,549.43
2021-10,MALWATTE/WELIMADA,535.55,575.74
2021-10,DEMODARA/HALIELLA/BADULLA,566.94,580.59
2021-10,ELLA/NAMUNUKULA,498.43,522.35
2021-10,PASSARA/LUNUGALLA,549.53,553.7
2021-10,MADULSIMA,493.98,511.91
2021-10,DENIYAYA,707.13,703.45
2021-10,GALLE,659.11,670.79
2021-10,KALUTARA,593.62,614.54
2021-10,KEGALLE,569.94,580.69
2021-10,KELLANI VELLI,655.04,650.25
2021-10,KANDY/MATALE/KURUNEGALA,485.0,503.55
2021-10,MATARA,698.18,695.44
2021-10,MORAWAKE,676.82,674.25
2021-10,RATNAPURA,633.7,638.43
2021-10,BALANGODA,561.46,581.41
2021-11,NUWARA ELIYA,641.18,628.79
2021-11,RAMBODA,624.02,588.08
2021-11,PUNDALUOYA,638.14,566.09
2021-11,AGARAPATANA,601.88,564.07
2021-11,NANUOYA/LINDULA/TALAWAKELE,685.41,667.0
2021-11,PATANA KOTAGALA,592.8,559.54
2021-11,HATTON/DICKOYA,616.08,564.15
2021-11,BOGAWANTALAWA,644.75,604.6
2021-11,UPCOT/MASKELIYA,655.39,615.61
2021-11,WATAWALA/GINIGAT/NORTON,473.25,486.92
2021-11,PUSSELLAWA/HEWAHETA,565.28,571.74
2021-11,KOTMALE,593.05,583.35
2021-11,GAMPOLA/NAWALAPITIYA/DOLOSBAGE,553.84,552.74
2021-11,NILAMBE/HANTANE/GALAHA,546.5,551.86
2021-11,KADUGANNAWA,533.1,533.41
2021-11,MADULKELLE KNUCKLES,485.77,501.33
2021-11,HUNASGIRIYA/MATALE,509.02,536.28
2021-11,BALANGODA/RAKWANA,575.23,572.03
2021-11,UDAPUSSELLAWA/HALGRANOYA,521.47,517.73
2021-11,MATURATA,522.9,474.97
2021-11,KOSLANDA/HALDUMULLA,683.06,671.01
2021-11,HAPUTALE,582.89,573.37
2021-11,BANDARAWELA/POONAGALLA,543.75,548.9
2021-11,MALWATTE/WELIMADA,562.14,574.57
2021-11,DEMODARA/HALIELLA/BADULLA,594.21,581.88
2021-11,ELLA/NAMUNUKULA,527.92,522.75
2021-11,PASSARA/LUNUGALLA,580.41,556.21
2021-11,MADULSIMA,509.65,511.71
2021-11,DENIYAYA,712.38,704.28
2021-11,GALLE,666.58,670.39
2021-11,KALUTARA,599.77,613.09
2021-11,KEGALLE,562.3,579.14
2021-11,KELLANI VELLI,668.45,651.44
2021-11,KANDY/MATALE/KURUNEGALA,495.58,502.86
2021-11,MATARA,705.18,696.3
2021-11,MORAWAKE,686.88,675.51
2021-11,RATNAPURA,639.58,638.52
2021-11,BALANGODA,550.73,579.62
2021-12,NUWARA ELIYA,672.63,630.97
2021-12,RAMBODA,630.24,590.49
2021-12,PUNDALUOYA,614.0,565.37
2021-12,AGARAPATANA,593.85,564.63
2021-12,NANUOYA/LINDULA/TALAWAKELE,683.56,667.63
2021-12,PATANA KOTAGALA,595.15,560.9
2021-12,HATTON/DICKOYA,616.59,566.6
2021-12,BOGAWANTALAWA,636.03,606.38
2021-12,UPCOT/MASKELIYA,670.35,618.37
2021-12,WATAWALA/GINIGAT/NORTON,500.98,487.58
2021-12,PUSSELLAWA/HEWAHETA,567.86,571.3
2021-12,KOTMALE,598.98,584.76
2021-12,GAMPOLA/NAWALAPITIYA/DOLOSBAGE,555.38,552.19
2021-12,NILAMBE/HANTANE/GALAHA,582.3,553.14
2021-12,KADUGANNAWA,550.21,534.51
2021-12,MADULKELLE KNUCKLES,501.78,501.49
2021-12,HUNASGIRIYA/MATALE,509.62,534.56
2021-12,BALANGODA/RAKWANA,607.9,574.59
2021-12,UDAPUSSELLAWA/HALGRANOYA,561.96,520.58
2021-12,MATURATA,547.89,479.71
2021-12,KOSLANDA/HALDUMULLA,701.94,672.81
2021-12,HAPUTALE,593.35,574.58
2021-12,BANDARAWELA/POONAGALLA,577.75,550.68
2021-12,MALWATTE/WELIMADA,590.16,575.4
2021-12,DEMODARA/HALIELLA/BADULLA,603.51,583.42
2021-12,ELLA/NAMUNUKULA,551.56,524.19
2021-12,PASSARA/LUNUGALLA,588.79,558.06
2021-12,MADULSIMA,521.38,512.91
2021-12,DENIYAYA,738.86,705.73
2021-12,GALLE,687.28,671.41
2021-12,KALUTARA,623.58,613.82
2021-12,KEGALLE,580.1,579.49
2021-12,KELLANI VELLI,672.67,652.05
2021-12,KANDY/MATALE/KURUNEGALA,499.74,502.81
2021-12,MATARA,733.01,698.33
2021-12,MORAWAKE,705.33,677.38
2021-12,RATNAPURA,659.54,639.38
2021-12,BALANGODA,605.3,582.64
2022-01,NUWARA ELIYA,707.8,707.8
2022-01,RAMBODA,716.74,716.74
2022-01,PUNDALUOYA,635.59,635.59
2022-01,AGARAPATANA,679.45,679.45
2022-01,NANUOYA/LINDULA/TALAWAKELE,770.11,770.11
2022-01,PATANA KOTAGALA,664.92,664.92
2022-01,HATTON/DICKOYA,696.01,696.01
2022-01,BOGAWANTALAWA,719.34,719.34
2022-01,UPCOT/MASKELIYA,723.04,723.04
2022-01,WATAWALA/GINIGAT/NORTON,548.84,548.84
2022-01,PUSSELLAWA/HEWAHETA,640.5,640.5
2022-01,KOTMALE,720.44,720.44
2022-01,GAMPOLA/NAWALAPITIYA/DOLOSBAGE,624.08,624.08
2022-01,NILAMBE/HANTANE/GALAHA,646.8,646.8
2022-01,KADUGANNAWA,595.9,595.9
2022-01,MADULKELLE KNUCKLES,544.35,544.35
2022-01,HUNASGIRIYA/MATALE,565.14,565.14
2022-01,BALANGODA/RAKWANA,661.99,661.99
2022-01,UDAPUSSELLAWA/HALGRANOYA,606.39,606.39
2022-01,MATURATA,588.11,588.11
2022-01,KOSLANDA/HALDUMULLA,792.27,792.27
2022-01,HAPUTALE,640.52,640.52
2022-01,BANDARAWELA/POONAGALLA,572.13,572.13
2022-01,MALWATTE/WELIMADA,600.0,600.0
2022-01,DEMODARA/HALIELLA/BADULLA,663.14,663.14
2022-01,ELLA/NAMUNUKULA,566.11,566.11
2022-01,PASSARA/LUNUGALLA,626.2,626.2
2022-01,MADULSIMA,581.91,581.91
2022-01,DENIYAYA,822.42,822.42
2022-01,GALLE,755.32,755.32
2022-01,KALUTARA,688.64,688.64
2022-01,KEGALLE,663.44,663.44
2022-01,KELLANI VELLI,776.76,776.76
2022-01,KANDY/MATALE/KURUNEGALA,534.9,534.9
2022-01,MATARA,805.1,805.1
2022-01,MORAWAKE,751.7,751.7
2022-01,RATNAPURA,744.45,744.45
2022-01,BALANGODA,673.56,673.56
2022-02,NUWARA ELIYA,727.5,717.28
2022-02,RAMBODA,727.41,722.49
2022-02,PUNDALUOYA,648.91,642.94
2022-02,AGARAPATANA,687.54,684.24
2022-02,NANUOYA/LINDULA/TALAWAKELE,774.89,772.81
2022-02,PATANA KOTAGALA,655.23,659.73
2022-02,HATTON/DICKOYA,693.27,694.5
2022-02,BOGAWANTALAWA,739.44,730.05
2022-02,UPCOT/MASKELIYA,723.88,723.51
2022-02,WATAWALA/GINIGAT/NORTON,539.47,544.86
2022-02,PUSSELLAWA/HEWAHETA,641.17,640.87
2022-02,KOTMALE,725.01,723.09
2022-02,GAMPOLA/NAWALAPITIYA/DOLOSBAGE,643.17,634.74
2022-02,NILAMBE/HANTANE/GALAHA,662.68,656.62
2022-02,KADUGANNAWA,605.73,600.33
2022-02,MADULKELLE KNUCKLES,557.25,551.07
2022-02,HUNASGIRIYA/MATALE,601.42,584.69
2022-02,BALANGODA/RAKWANA,693.82,678.01
2022-02,UDAPUSSELLAWA/HALGRANOYA,604.08,605.39
2022-02,MATURATA,602.8,595.37
2022-02,KOSLANDA/HALDUMULLA,804.29,798.42
2022-02,HAPUTALE,662.74,651.21
2022-02,BANDARAWELA/POONAGALLA,630.49,597.82
2022-02,MALWATTE/WELIMADA,619.45,608.91
2022-02,DEMODARA/HALIELLA/BADULLA,696.35,677.85
2022-02,ELLA/NAMUNUKULA,557.26,561.63
2022-02,PASSARA/LUNUGALLA,652.02,639.18
2022-02,MADULSIMA,599.43,589.9
2022-02,DENIYAYA,867.31,845.01
2022-02,GALLE,785.56,770.33
2022-02,KALUTARA,698.85,693.92
2022-02,KEGALLE,680.96,672.77
2022-02,KELLANI VELLI,784.39,780.83
2022-02,KANDY/MATALE/KURUNEGALA,549.12,542.43
2022-02,MATARA,848.51,826.92
2022-02,MORAWAKE,812.96,781.75
2022-02,RATNAPURA,764.2,754.62
2022-02,BALANGODA,721.02,697.39
2022-03,NUWARA ELIYA,838.7,767.41
2022-03,RAMBODA,785.0,745.04
2022-03,PUNDALUOYA,698.13,663.37
2022-03,AGARAPATANA,721.14,698.89
2022-03,NANUOYA/LINDULA/TALAWAKELE,828.02,794.93
2022-03,PATANA KOTAGALA,706.88,677.29
2022-03,HATTON/DICKOYA,709.03,700.26
2022-03,BOGAWANTALAWA,784.26,751.78
2022-03,UPCOT/MASKELIYA,754.25,735.37
2022-03,WATAWALA/GINIGAT/NORTON,593.97,559.89
2022-03,PUSSELLAWA/HEWAHETA,714.33,666.25
2022-03,KOTMALE,833.29,758.23
2022-03,GAMPOLA/NAWALAPITIYA/DOLOSBAGE,717.18,666.66
2022-03,NILAMBE/HANTANE/GALAHA,715.51,676.43
2022-03,KADUGANNAWA,665.87,622.96
2022-03,MADULKELLE KNUCKLES,678.65,594.41
2022-03,HUNASGIRIYA/MATALE,714.59,640.67
2022-03,BALANGODA/RAKWANA,834.17,735.51
2022-03,UDAPUSSELLAWA/HALGRANOYA,724.67,652.74
2022-03,MATURATA,747.86,654.31
2022-03,KOSLANDA/HALDUMULLA,927.05,844.15
2022-03,HAPUTALE,762.52,693.92
2022-03,BANDARAWELA/POONAGALLA,732.29,644.51
2022-03,MALWATTE/WELIMADA,705.8,646.1
2022-03,DEMODARA/HALIELLA/BADULLA,855.52,743.51
2022-03,ELLA/NAMUNUKULA,666.6,597.22
2022-03,PASSARA/LUNUGALLA,766.62,689.18
2022-03,MADULSIMA,768.52,656.52
2022-03,DENIYAYA,1063.0,924.97
2022-03,GALLE,968.15,837.41
2022-03,KALUTARA,822.28,740.83
2022-03,KEGALLE,788.43,709.08
2022-03,KELLANI VELLI,922.07,828.02
2022-03,KANDY/MATALE/KURUNEGALA,595.04,562.3
2022-03,MATARA,1028.47,902.69
2022-03,MORAWAKE,983.67,858.8
2022-03,RATNAPURA,927.08,815.9
2022-03,BALANGODA,869.21,758.01
2022-04,NUWARA ELIYA,1271.4,871.11
2022-04,RAMBODA,1196.46,815.62
2022-04,PUNDALUOYA,1083.96,728.1
2022-04,AGARAPATANA,1143.98,779.25
2022-04,NANUOYA/LINDULA/TALAWAKELE,1287.42,875.72
2022-04,PATANA KOTAGALA,1116.97,746.98
2022-04,HATTON/DICKOYA,1111.81,773.42
2022-04,BOGAWANTALAWA,1229.06,839.4
2022-04,UPCOT/MASKELIYA,1189.76,821.9
2022-04,WATAWALA/GINIGAT/NORTON,1107.17,594.35
2022-04,PUSSELLAWA/HEWAHETA,1023.9,727.08
2022-04,KOTMALE,1244.78,844.76
2022-04,GAMPOLA/NAWALAPITIYA/DOLOSBAGE,1114.82,745.72
2022-04,NILAMBE/HANTANE/GALAHA,968.02,736.63
2022-04,KADUGANNAWA,1002.6,681.73
2022-04,MADULKELLE KNUCKLES,1068.58,675.92
2022-04,HUNASGIRIYA/MATALE,1012.98,720.24
2022-04,BALANGODA/RAKWANA,1287.7,848.74
2022-04,UDAPUSSELLAWA/HALGRANOYA,1133.37,760.18
2022-04,MATURATA,1148.22,751.71
2022-04,KOSLANDA/HALDUMULLA,1501.7,958.62
2022-04,HAPUTALE,1140.96,795.18
2022-04,BANDARAWELA/POONAGALLA,1169.93,735.56
2022-04,MALWATTE/WELIMADA,1085.49,736.72
2022-04,DEMODARA/HALIELLA/BADULLA,1288.98,863.26
2022-04,ELLA/NAMUNUKULA,866.75,659.89
2022-04,PASSARA/LUNUGALLA,1142.98,786.71
2022-04,MADULSIMA,1134.8,763.97
2022-04,DENIYAYA,1626.38,1061.16
2022-04,GALLE,1552.63,977.94
2022-04,KALUTARA,1347.78,845.38
2022-04,KEGALLE,1232.42,799.87
2022-04,KELLANI VELLI,1414.7,940.02
2022-04,KANDY/MATALE/KURUNEGALA,908.85,624.24
2022-04,MATARA,1601.68,1038.32
2022-04,MORAWAKE,1569.44,986.01
2022-04,RATNAPURA,1454.19,938.39
2022-04,BALANGODA,1303.49,867.09
2022-05,NUWARA ELIYA,1125.46,941.18
2022-05,RAMBODA,1125.0,894.35
2022-05,PUNDALUOYA,996.84,794.08
2022-05,AGARAPATANA,999.27,839.7
2022-05,NANUOYA/LINDULA/TALAWAKELE,1170.44,954.05
2022-05,PATANA KOTAGALA,972.35,805.87
2022-05,HATTON/DICKOYA,1008.17,830.41
2022-05,BOGAWANTALAWA,1067.64,898.87
2022-05,UPCOT/MASKELIYA,1034.89,876.22
2022-05,WATAWALA/GINIGAT/NORTON,944.07,651.81
2022-05,PUSSELLAWA/HEWAHETA,1063.26,818.45
2022-05,KOTMALE,1232.08,950.51
2022-05,GAMPOLA/NAWALAPITIYA/DOLOSBAGE,1087.28,833.16
2022-05,NILAMBE/HANTANE/GALAHA,1055.09,829.57
2022-05,KADUGANNAWA,1004.55,745.97
2022-05,MADULKELLE KNUCKLES,962.25,743.78
2022-05,HUNASGIRIYA/MATALE,1006.76,799.71
2022-05,BALANGODA/RAKWANA,1266.03,956.17
2022-05,UDAPUSSELLAWA/HALGRANOYA,947.53,825.06
2022-05,MATURATA,1023.72,838.91
2022-05,KOSLANDA/HALDUMULLA,1696.27,1119.55
2022-05,HAPUTALE,1059.87,876.74
2022-05,BANDARAWELA/POONAGALLA,1006.81,804.65
2022-05,MALWATTE/WELIMADA,1109.1,852.03
2022-05,DEMODARA/HALIELLA/BADULLA,1246.3,975.0
2022-05,ELLA/NAMUNUKULA,818.06,696.07
2022-05,PASSARA/LUNUGALLA,1125.32,872.64
2022-05,MADULSIMA,1043.33,849.41
2022-05,DENIYAYA,1755.22,1236.77
2022-05,GALLE,1609.92,1134.07
2022-05,KALUTARA,1425.93,976.33
2022-05,KEGALLE,1230.02,909.96
2022-05,KELLANI VELLI,1466.17,1074.05
2022-05,KANDY/MATALE/KURUNEGALA,929.55,691.47
2022-05,MATARA,1752.89,1211.44
2022-05,MORAWAKE,1644.46,1143.12
2022-05,RATNAPURA,1496.76,1081.29
2022-05,BALANGODA,1317.92,984.55
2022-06,NUWARA ELIYA,1010.5,953.54
2022-06,RAMBODA,1022.02,916.14
2022-06,PUNDALUOYA,931.63,820.15
2022-06,AGARAPATANA,972.71,865.69
2022-06,NANUOYA/LINDULA/TALAWAKELE,1114.87,977.95
2022-06,PATANA KOTAGALA,921.58,826.51
2022-06,HATTON/DICKOYA,927.2,846.06
2022-06,BOGAWANTALAWA,1000.14,914.35
2022-06,UPCOT/MASKELIYA,1017.9,897.38
2022-06,WATAWALA/GINIGAT/NORTON,828.18,682.37
2022-06,PUSSELLAWA/HEWAHETA,926.21,836.87
2022-06,KOTMALE,1040.04,964.93
2022-06,GAMPOLA/NAWALAPITIYA/DOLOSBAGE,978.97,857.95
2022-06,NILAMBE/HANTANE/GALAHA,991.01,859.98
2022-06,KADUGANNAWA,890.53,772.6
2022-06,MADULKELLE KNUCKLES,872.76,763.25
2022-06,HUNASGIRIYA/MATALE,878.87,815.64
2022-06,BALANGODA/RAKWANA,1151.9,986.34
2022-06,UDAPUSSELLAWA/HALGRANOYA,925.4,845.17
2022-06,MATURATA,1069.46,890.95
2022-06,KOSLANDA/HALDUMULLA,1495.56,1175.3
2022-06,HAPUTALE,1161.37,931.97
2022-06,BANDARAWELA/POONAGALLA,979.41,832.48
2022-06,MALWATTE/WELIMADA,1077.06,893.23
2022-06,DEMODARA/HALIELLA/BADULLA,1232.72,1021.4
2022-06,ELLA/NAMUNUKULA,891.08,725.35
2022-06,PASSARA/LUNUGALLA,1078.46,911.61
2022-06,MADULSIMA,957.96,872.13
2022-06,DENIYAYA,1719.55,1311.79
2022-06,GALLE,1571.37,1200.95
2022-06,KALUTARA,1286.57,1023.83
2022-06,KEGALLE,1108.64,940.19
2022-06,KELLANI VELLI,1417.95,1128.44
2022-06,KANDY/MATALE/KURUNEGALA,840.19,714.77
2022-06,MATARA,1744.6,1293.34
2022-06,MORAWAKE,1626.22,1215.29
2022-06,RATNAPURA,1399.9,1130.11
2022-06,BALANGODA,1139.87,1008.5
2022-07,NUWARA ELIYA,1168.99,978.11
2022-07,RAMBODA,1218.94,946.11
2022-07,PUNDALUOYA,1139.38,858.14
2022-07,AGARAPATANA,1147.29,897.35
2022-07,NANUOYA/LINDULA/TALAWAKELE,1292.55,1009.96
2022-07,PATANA KOTAGALA,1167.6,861.99
2022-07,HATTON/DICKOYA,1129.31,871.2
2022-07,BOGAWANTALAWA,1264.61,946.04
2022-07,UPCOT/MASKELIYA,1253.21,930.84
2022-07,WATAWALA/GINIGAT/NORTON,794.77,688.98
2022-07,PUSSELLAWA/HEWAHETA,1213.88,876.76
2022-07,KOTMALE,1278.39,996.02
2022-07,GAMPOLA/NAWALAPITIYA/DOLOSBAGE,1183.33,900.63
2022-07,NILAMBE/HANTANE/GALAHA,1041.41,880.79
2022-07,KADUGANNAWA,972.48,802.85
2022-07,MADULKELLE KNUCKLES,1009.22,792.7
2022-07,HUNASGIRIYA/MATALE,936.42,838.46
2022-07,BALANGODA/RAKWANA,1339.59,1031.36
2022-07,UDAPUSSELLAWA/HALGRANOYA,1102.44,876.79
2022-07,MATURATA,1072.33,922.98
2022-07,KOSLANDA/HALDUMULLA,1490.07,1217.56
2022-07,HAPUTALE,1357.01,988.69
2022-07,BANDARAWELA/POONAGALLA,1034.79,861.27
2022-07,MALWATTE/WELIMADA,1265.1,943.88
2022-07,DEMODARA/HALIELLA/BADULLA,1377.27,1075.03
2022-07,ELLA/NAMUNUKULA,996.96,759.05
2022-07,PASSARA/LUNUGALLA,1196.18,948.37
2022-07,MADULSIMA,1151.83,913.4
2022-07,DENIYAYA,1892.29,1386.29
2022-07,GALLE,1710.65,1271.19
2022-07,KALUTARA,1466.2,1083.37
2022-07,KEGALLE,1323.92,987.28
2022-07,KELLANI VELLI,1597.73,1193.48
2022-07,KANDY/MATALE/KURUNEGALA,912.15,740.95
2022-07,MATARA,1924.67,1375.49
2022-07,MORAWAKE,1827.93,1291.16
2022-07,RATNAPURA,1609.7,1191.19
2022-07,BALANGODA,1353.68,1052.64
2022-08,NUWARA ELIYA,1245.12,1005.96
2022-08,RAMBODA,1438.04,994.34
2022-08,PUNDALUOYA,1339.27,919.63
2022-08,AGARAPATANA,1403.09,947.6
2022-08,NANUOYA/LINDULA/TALAWAKELE,1546.08,1065.75
2022-08,PATANA KOTAGALA,1465.63,921.06
2022-08,HATTON/DICKOYA,1411.89,921.19
2022-08,BOGAWANTALAWA,1475.15,991.8
2022-08,UPCOT/MASKELIYA,1517.22,984.91
2022-08,WATAWALA/GINIGAT/NORTON,1135.91,713.9
2022-08,PUSSELLAWA/HEWAHETA,1418.46,934.79
2022-08,KOTMALE,1467.77,1055.76
2022-08,GAMPOLA/NAWALAPITIYA/DOLOSBAGE,1205.63,942.53
2022-08,NILAMBE/HANTANE/GALAHA,1174.38,916.11
2022-08,KADUGANNAWA,1069.07,835.27
2022-08,MADULKELLE KNUCKLES,1060.15,838.06
2022-08,HUNASGIRIYA/MATALE,984.16,863.41
2022-08,BALANGODA/RAKWANA,1329.78,1065.96
2022-08,UDAPUSSELLAWA/HALGRANOYA,1153.02,914.17
2022-08,MATURATA,1104.31,949.66
2022-08,KOSLANDA/HALDUMULLA,1605.5,1273.66
2022-08,HAPUTALE,1430.2,1048.55
2022-08,BANDARAWELA/POONAGALLA,1241.98,916.71
2022-08,MALWATTE/WELIMADA,1591.45,1024.38
2022-08,DEMODARA/HALIELLA/BADULLA,1412.64,1121.94
2022-08,ELLA/NAMUNUKULA,1038.58,796.36
2022-08,PASSARA/LUNUGALLA,1364.61,1001.88
2022-08,MADULSIMA,1060.53,931.16
2022-08,DENIYAYA,1940.52,1454.64
2022-08,GALLE,1720.56,1334.62
2022-08,KALUTARA,1437.18,1133.03
2022-08,KEGALLE,1332.37,1034.95
2022-08,KELLANI VELLI,1582.61,1255.92
2022-08,KANDY/MATALE/KURUNEGALA,1014.24,776.57
2022-08,MATARA,1946.9,1453.42
2022-08,MORAWAKE,1693.13,1346.64
2022-08,RATNAPURA,1628.56,1249.38
2022-08,BALANGODA,1382.76,1094.1
2022-09,NUWARA ELIYA,1303.5,1024.24
2022-09,RAMBODA,1474.14,1025.6
2022-09,PUNDALUOYA,1381.21,955.75
2022-09,AGARAPATANA,1480.24,980.66
2022-09,NANUOYA/LINDULA/TALAWAKELE,1609.26,1104.53
2022-09,PATANA KOTAGALA,1592.31,966.59
2022-09,HATTON/DICKOYA,1386.25,947.52
2022-09,BOGAWANTALAWA,1518.23,1021.14
2022-09,UPCOT/MASKELIYA,1555.97,1022.09
2022-09,WATAWALA/GINIGAT/NORTON,1294.36,747.34
2022-09,PUSSELLAWA/HEWAHETA,1484.88,973.96
2022-09,KOTMALE,1588.38,1089.84
2022-09,GAMPOLA/NAWALAPITIYA/DOLOSBAGE,1305.32,974.18
2022-09,NILAMBE/HANTANE/GALAHA,1273.09,948.26
2022-09,KADUGANNAWA,1138.74,860.55
2022-09,MADULKELLE KNUCKLES,1117.24,864.23
2022-09,HUNASGIRIYA/MATALE,1050.13,882.51
2022-09,BALANGODA/RAKWANA,1456.69,1099.22
2022-09,UDAPUSSELLAWA/HALGRANOYA,1301.26,943.95
2022-09,MATURATA,1208.01,977.14
2022-09,KOSLANDA/HALDUMULLA,1554.54,1298.76
2022-09,HAPUTALE,1437.9,1085.52
2022-09,BANDARAWELA/POONAGALLA,1285.41,953.63
2022-09,MALWATTE/WELIMADA,1540.82,1068.27
2022-09,DEMODARA/HALIELLA/BADULLA,1518.35,1157.04
2022-09,ELLA/NAMUNUKULA,1144.65,823.58
2022-09,PASSARA/LUNUGALLA,1536.76,1051.09
2022-09,MADULSIMA,1287.24,960.36
2022-09,DENIYAYA,2020.42,1506.07
2022-09,GALLE,1772.32,1378.66
2022-09,KALUTARA,1574.92,1172.72
2022-09,KEGALLE,1424.16,1070.36
2022-09,KELLANI VELLI,1737.02,1304.29
2022-09,KANDY/MATALE/KURUNEGALA,1029.95,796.85
2022-09,MATARA,1961.83,1504.41
2022-09,MORAWAKE,1892.47,1392.94
2022-09,RATNAPURA,1698.19,1291.92
2022-09,BALANGODA,1549.9,1132.45
2022-10,NUWARA ELIYA,1437.5,1053.57
2022-10,RAMBODA,1449.27,1059.75
2022-10,PUNDALUOYA,1366.44,992.08
2022-10,AGARAPATANA,1504.31,1018.25
2022-10,NANUOYA/LINDULA/TALAWAKELE,1595.87,1146.55
2022-10,PATANA KOTAGALA,1554.81,1020.56
2022-10,HATTON/DICKOYA,1405.46,981.66
2022-10,BOGAWANTALAWA,1556.04,1061.13
2022-10,UPCOT/MASKELIYA,1600.81,1064.41
2022-10,WATAWALA/GINIGAT/NORTON,1139.44,814.49
2022-10,PUSSELLAWA/HEWAHETA,1481.84,1017.7
2022-10,KOTMALE,1522.48,1106.7
2022-10,GAMPOLA/NAWALAPITIYA/DOLOSBAGE,1237.59,998.06
2022-10,NILAMBE/HANTANE/GALAHA,1257.95,970.93
2022-10,KADUGANNAWA,1100.5,879.65
2022-10,MADULKELLE KNUCKLES,1108.8,882.55
2022-10,HUNASGIRIYA/MATALE,977.18,891.59
2022-10,BALANGODA/RAKWANA,1323.2,1117.4
2022-10,UDAPUSSELLAWA/HALGRANOYA,1280.28,976.98
2022-10,MATURATA,1253.85,1003.15
2022-10,KOSLANDA/HALDUMULLA,1735.59,1332.33
2022-10,HAPUTALE,1472.22,1121.23
2022-10,BANDARAWELA/POONAGALLA,1275.82,983.47
2022-10,MALWATTE/WELIMADA,1409.92,1094.72
2022-10,DEMODARA/HALIELLA/BADULLA,1389.44,1180.68
2022-10,ELLA/NAMUNUKULA,1242.65,854.8
2022-10,PASSARA/LUNUGALLA,1364.28,1080.64
2022-10,MADULSIMA,1155.16,978.98
2022-10,DENIYAYA,1811.17,1531.91
2022-10,GALLE,1615.12,1399.59
2022-10,KALUTARA,1460.38,1196.49
2022-10,KEGALLE,1356.51,1095.75
2022-10,KELLANI VELLI,1551.66,1326.33
2022-10,KANDY/MATALE/KURUNEGALA,1078.51,817.18
2022-10,MATARA,1748.04,1527.53
2022-10,MORAWAKE,1731.94,1418.79
2022-10,RATNAPURA,1535.99,1314.21
2022-10,BALANGODA,1387.62,1153.56
2022-11,NUWARA ELIYA,1424.14,1086.3
2022-11,RAMBODA,1313.96,1083.79
2022-11,PUNDALUOYA,1287.41,1020.74
2022-11,AGARAPATANA,1436.39,1049.93
2022-11,NANUOYA/LINDULA/TALAWAKELE,1532.48,1175.98
2022-11,PATANA KOTAGALA,1430.73,1051.93
2022-11,HATTON/DICKOYA,1318.48,1008.31
2022-11,BOGAWANTALAWA,1457.26,1090.44
2022-11,UPCOT/MASKELIYA,1550.31,1098.79
2022-11,WATAWALA/GINIGAT/NORTON,997.14,841.28
2022-11,PUSSELLAWA/HEWAHETA,1358.01,1044.36
2022-11,KOTHMALE,1276.64,1113.42
2022-11,GAMPOLA/NAWALAPITIYA/DOLOSBAGE,1158.59,1014.1
2022-11,NILAMBE/HANTANE/GALAHA,1351.07,1007.55
2022-11,KADUGANNAWA,1143.86,907.23
2022-11,MADULKELLE KNUCKLES,1026.39,894.26
2022-11,HUNASGIRIYA/MATALE,965.57,898.34
2022-11,BALANGODA/RAKWANA,1268.29,1129.53
2022-11,UDAPUSSELLAWA/HALGRANOYA,1113.95,991.32
2022-11,MATURATA,1147.69,1016.41
2022-11,KOSLANDA/HALDUMULLA,1574.78,1353.3
2022-11,HAPUTALE,1363.24,1144.59
2022-11,BANDARAWELA/POONAGALLA,1225.59,1011.33
2022-11,MALWATTE/WELIMADA,1139.47,1098.73
2022-11,DEMODARA/HALIELLA/BADULLA,1242.55,1186.83
2022-11,ELLA/NAMUNUKULA,1047.84,869.7
2022-11,PASSARA/LUNUGALLA,1240.34,1097.03
2022-11,MADULSIMA,1001.03,980.93
2022-11,DENIYAYA,1652.1,1544.16
2022-11,GALLE,1522.07,1411.98
2022-11,KALUTARA,1267.57,1204.13
2022-11,KEGALLE,1267.55,1112.1
2022-11,KELLANI VELLI,1471.11,1341.83
2022-11,KANDY/MATALE/KURUNEGALA,1084.94,834.64
2022-11,MATARA,1642.43,1539.17
2022-11,MORAWAKA,1484.87,1425.81
2022-11,RATNAPURA,1446.13,1326.84
2022-11,BALANGODA,1322.46,1167.09
2022-12,NUWARA ELIYA,1349.55,1100.64
2022-12,RAMBODA,1353.03,1099.41
2022-12,PUNDALUOYA,1235.9,1033.98
2022-12,AGARAPATANA,1413.33,1069.36
2022-12,NANUOYA/LINDULA/TALAWAKELE,1540.12,1194.32
2022-12,PATANA KOTAGALA,1420.61,1074.05
2022-12,HATTON/DICKOYA,1359.03,1027.37
2022-12,BOGAWANTALAWA,1490.44,1109.54
2022-12,UPCOT/MASKELIYA,1520.59,1119.89
2022-12,WATAWALA/GINIGAT/NORTON,1062.21,849.35
2022-12,PUSSELLAWA/HEWAHETA,1436.45,1066.64
2022-12,KOTHMALE,1410.25,1120.14
2022-12,GAMPOLA/NAWALAPITIYA/DOLOSBAGE,1218.04,1025.12
2022-12,NILAMBE/HANTANE/GALAHA,1366.01,1022.45
2022-12,KADUGANNAWA,1141.39,921.6
2022-12,MADULKELLE KNUCKLES,1135.62,903.83
2022-12,HUNASGIRIYA/MATALE,975.86,903.06
2022-12,BALANGODA/RAKWANA,1301.32,1139.05
2022-12,UDAPUSSELLAWA/HALGRANOYA,1105.72,996.95
2022-12,MATURATA,1059.15,1019.05
2022-12,KOSLANDA/HALDUMULLA,1585.96,1369.02
2022-12,HAPUTALE,1347.86,1155.43
2022-12,BANDARAWELA/POONAGALLA,1190.62,1022.66
2022-12,MALWATTE/WELIMADA,1219.71,1104.11
2022-12,DEMODARA/HALIELLA/BADULLA,1302.45,1192.75
2022-12,ELLA/NAMUNUKULA,1132.31,881.39
2022-12,PASSARA/LUNUGALLA,1264.48,1107.79
2022-12,MADULSIMA,1031.91,983.33
2022-12,DENIYAYA,1740.28,1555.85
2022-12,GALLE,1618.63,1425.11
2022-12,KALUTARA,1371.24,1214.96
2022-12,KEGALLE,1366.84,1126.61
2022-12,KELLANI VELLI,1528.0,1353.71
2022-12,KANDY/MATALE/KURUNEGALA,1140.31,845.19
2022-12,MATARA,1736.77,1551.22
2022-12,MORAWAKA,1677.95,1441.41
2022-12,RATNAPURA,1523.19,1338.45
2022-12,BALANGODA,1370.98,1179.28
2023-01,NUWARA ELIYA,1367.5,1367.5
2023-01,RAMBODA,1403.48,1403.48
2023-01,PUNDALUOYA,1297.52,1297.52
2023-01,AGARAPATANA,1444.59,1444.59
2023-01,NANUOYA/LINDULA/TALAWAKELE,1556.06,1556.06
2023-01,PATANA KOTAGALA,1467.05,1467.05
2023-01,HATTON/DICKOYA,1387.06,1387.06
2023-01,BOGAWANTALAWA,1492.59,1492.59
2023-01,UPCOT/MASKELIYA,1534.5,1534.5
2023-01,WATAWALA/GINIGAT/NORTON,1125.42,1125.42
2023-01,PUSSELLAWA/HEWAHETA,1397.44,1397.44
2023-01,KOTHMALE,1343.74,1343.74
2023-01,GAMPOLA/NAWALAPITIYA/DOLOSBAGE,1246.37,1246.37
2023-01,NILAMBE/HANTANE/GALAHA,1348.38,1348.38
2023-01,KADUGANNAWA,1169.6,1169.6
2023-01,MADULKELLE KNUCKLES,1198.7,1198.7
2023-01,HUNASGIRIYA/MATALE,1028.94,1028.94
2023-01,BALANGODA,1304.48,1304.48
2023-01,UDAPUSSELLAWA/HALGRANOYA,1143.95,1143.95
2023-01,MATURATA,1151.27,1151.27
2023-01,KOSLANDA/HALDUMULLA,1605.39,1605.39
2023-01,HAPUTALE,1335.97,1335.97
2023-01,BANDARAWELA/POONAGALLA,1238.91,1238.91
2023-01,MALWATTE/WELIMADA,1148.78,1148.78
2023-01,DEMODARA/HALIELLA/BADULLA,1287.05,1287.05
2023-01,ELLA/NAMUNUKULA,1154.32,1154.32
2023-01,PASSARA/LUNUGALLA,1275.01,1275.01
2023-01,MADULSIMA,1104.39,1104.39
2023-01,DENIYAYA,1738.02,1738.02
2023-01,GALLE,1617.39,1617.39
2023-01,KALUTARA,1396.47,1396.47
2023-01,KEGALLE,1368.1,1368.1
2023-01,KELLANI VELLI,1537.24,1537.24
2023-01,KANDY/MATALE/KURUNEGALA,1154.89,1154.89
2023-01,MATARA,1721.38,1721.38
2023-01,MORAWAKA,1604.62,1604.62
2023-01,RATNAPURA,1547.92,1547.92
2023-01,BALANGODA,1364.78,1364.78
2023-02,NUWARA ELIYA,1354.89,1361.91
2023-02,RAMBODA,1359.01,1384.6
2023-02,PUNDALUOYA,1295.74,1296.75
2023-02,AGARAPATANA,1432.53,1439.81
2023-02,NANUOYA/LINDULA/TALAWAKELE,1589.42,1571.44
2023-02,PATANA KOTAGALA,1424.66,1449.51
2023-02,HATTON/DICKOYA,1416.21,1398.58
2023-02,BOGAWANTALAWA,1500.01,1495.41
2023-02,UPCOT/MASKELIYA,1508.47,1524.26
2023-02,WATAWALA/GINIGAT/NORTON,1147.47,1134.7
2023-02,PUSSELLAWA/HEWAHETA,1391.19,1394.97
2023-02,KOTHMALE,1382.75,1366.29
2023-02,GAMPOLA/NAWALAPITIYA/DOLOSBAGE,1286.36,1262.55
2023-02,NILAMBE/HANTANE/GALAHA,1298.01,1325.59
2023-02,KADUGANNAWA,1130.66,1153.86
2023-02,MADULKELLE KNUCKLES,1081.69,1149.74
2023-02,HUNASGIRIYA/MATALE,1020.03,1025.21
2023-02,BALANGODA/RAKWANA,1331.15,1315.84
2023-02,UDAPUSSELLAWA/HALGRANOYA,1135.16,1140.29
2023-02,MATURATA,1167.55,1157.29
2023-02,KOSLANDA/HALDUMULLA,1628.26,1615.32
2023-02,HAPUTALE,1389.51,1359.11
2023-02,BANDARAWELA/POONAGALLA,1329.45,1277.79
2023-02,MALWATTE/WELIMADA,1138.57,1145.74
2023-02,DEMODARA/HALIELLA/BADULLA,1254.69,1274.74
2023-02,ELLA/NAMUNUKULA,1193.25,1170.17
2023-02,PASSARA/LUNUGALLA,1266.32,1271.58
2023-02,MADULSIMA,1106.85,1105.4
2023-02,DENIYAYA,1669.43,1709.94
2023-02,GALLE,1557.7,1591.78
2023-02,KALUTARA,1382.52,1390.38
2023-02,KEGALLE,1300.5,1339.96
2023-02,KELLANI VELLI,1443.86,1499.54
2023-02,KANDY/MATALE/KURUNEGALA,1031.81,1095.87
2023-02,MATARA,1636.65,1687.39
2023-02,MORAWAKA,1591.94,1599.16
2023-02,RATNAPURA,1503.15,1529.26
2023-02,BALANGODA,1362.92,1364.05
2023-03,NUWARA ELIYA,1267.71,1329.66
2023-03,RAMBODA,1269.7,1351.19
2023-03,PUNDALUOYA,1248.5,1280.9
2023-03,AGARAPATANA,1308.66,1398.74
2023-03,NANUOYA/LINDULA/TALAWAKELE,1499.7,1547.12
2023-03,PATANA KOTAGALA,1317.1,1405.9
2023-03,HATTON/DICKOYA,1285.32,1360.08
2023-03,BOGAWANTALAWA,1381.41,1457.97
2023-03,UPCOT/MASKELIYA,1374.16,1469.59
2023-03,WATAWALA/GINIGAT/NORTON,992.14,1112.96
2023-03,PUSSELLAWA/HEWAHETA,1334.07,1376.16
2023-03,KOTHMALE,1181.47,1279.59
2023-03,GAMPOLA/NAWALAPITIYA/DOLOSBAGE,1125.98,1222.18
2023-03,NILAMBE/HANTANE/GALAHA,1079.21,1250.68
2023-03,KADUGANNAWA,1013.94,1111.54
2023-03,MADULKELLE KNUCKLES,1063.5,1123.65
2023-03,HUNASGIRIYA/MATALE,1025.23,1025.22
2023-03,BALANGODA/RAKWANA,1139.27,1253.72
2023-03,UDAPUSSELLAWA/HALGRANOYA,1123.1,1134.44
2023-03,MATURATA,1112.9,1144.32
2023-03,KOSLANDA/HALDUMULLA,1332.84,1527.19
2023-03,HAPUTALE,1236.1,1317.62
2023-03,BANDARAWELA/POONAGALLA,1190.33,1249.62
2023-03,MALWATTE/WELIMADA,1068.31,1124.95
2023-03,DEMODARA/HALIELLA/BADULLA,1163.33,1236.83
2023-03,ELLA/NAMUNUKULA,1128.41,1154.16
2023-03,PASSARA/LUNUGALLA,1112.9,1215.48
2023-03,MADULSIMA,1029.95,1079.85
2023-03,DENIYAYA,1421.05,1623.81
2023-03,GALLE,1346.11,1519.96
2023-03,KALUTARA,1210.5,1337.79
2023-03,KEGALLE,1142.96,1280.32
2023-03,KELLANI VELLI,1237.27,1424.09
2023-03,KANDY/MATALE/KURUNEGALA,1033.9,1075.36
2023-03,MATARA,1402.02,1605.49
2023-03,MORAWAKA,1337.07,1518.63
2023-03,RATNAPURA,1268.26,14449.69
2023-03,BALANGODA,1163.74,1299.42
2023-04,NUWARA ELIYA,1226.28,1307.48
2023-04,RAMBODA,1144.79,1313.88
2023-04,PUNDALUOYA,1174.97,1263.83
2023-04,AGARAPATANA,1217.3,1368.0
2023-04,NANUOYA/LINDULA/TALAWAKELE,1406.67,1521.23
2023-04,PATANA KOTAGALA,1255.44,1377.36
2023-04,HATTON/DICKOYA,1228.47,1334.38
2023-04,BOGAWANTALAWA,1300.25,1422.69
2023-04,UPCOT/MASKELIYA,1323.79,1440.48
2023-04,WATAWALA/GINIGAT/NORTON,1052.15,1106.12
2023-04,PUSSELLAWA/HEWAHETA,1227.8,1346.44
2023-04,KOTHMALE,1119.83,1240.91
2023-04,GAMPOLA/NAWALAPITIYA/DOLOSBAGE,1058.92,1193.07
2023-04,NILAMBE/HANTANE/GALAHA,1045.61,1211.54
2023-04,KADUGANNAWA,988.84,1088.42
2023-04,MADULKELLE KNUCKLES,1016.05,1100.44
2023-04,HUNASGIRIYA/MATALE,928.06,1008.23
2023-04,BALANGODA/RAKWANA,1164.97,1236.03
2023-04,UDAPUSSELLAWA/HALGRANOYA,1107.53,1128.88
2023-04,MATURATA,1065.79,1129.05
2023-04,KOSLANDA/HALDUMULLA,1340.31,1488.52
2023-04,HAPUTALE,1236.11,1296.16
2023-04,BANDARAWELA/POONAGALLA,1119.67,1223.36
2023-04,MALWATTE/WELIMADA,1034.83,1105.23
2023-04,DEMODARA/HALIELLA/BADULLA,1172.82,1222.71
2023-04,ELLA/NAMUNUKULA,1071.97,1136.72
2023-04,PASSARA/LUNUGALLA,1158.4,1203.01
2023-04,MADULSIMA,1022.52,1068.05
2023-04,DENIYAYA,1407.66,1582.51
2023-04,GALLE,1355.46,1488.4
2023-04,KALUTARA,1203.53,1311.92
2023-04,KEGALLE,1182.26,1262.4
2023-04,KELLANI VELLI,1285.11,1399.92
2023-04,KANDY/MATALE/KURUNEGALA,1013.9,1062.48
2023-04,MATARA,1416.12,1570.36
2023-04,MORAWAKA,1366.84,1489.81
2023-04,RATNAPURA,1300.34,1421.35
2023-04,BALANGODA,1202.48,1281.59
2023-05,NUWARA ELIYA,981.42,1208.34
2023-05,RAMBODA,943.91,1223.23
2023-05,PUNDALUOYA,938.46,1185.03
2023-05,AGARAPATANA,975.01,1261.13
2023-05,NANUOYA/LINDULA/TALAWAKELE,1121.86,1402.81
2023-05,PATANA KOTAGALA,990.87,1265.93
2023-05,HATTON/DICKOYA,960.97,1225.36
2023-05,BOGAWANTALAWA,1022.76,1307.71
2023-05,UPCOT/MASKELIYA,1065.08,1329.07
2023-05,WATAWALA/GINIGAT/NORTON,787.59,986.21
2023-05,PUSSELLAWA/HEWAHETA,945.39,1227.92
2023-05,KOTHMALE,974.96,1154.9
2023-05,GAMPOLA/NAWALAPITIYA/DOLOSBAGE,932.39,1124.17
2023-05,NILAMBE/HANTANE/GALAHA,911.58,1140.61
2023-05,KADUGANNAWA,931.76,1055.53
2023-05,MADULKELLE KNUCKLES,875.8,1043.86
2023-05,HUNASGIRIYA/MATALE,821.78,948.33
2023-05,BALANGODA/RAKWANA,988.53,1163.74
2023-05,UDAPUSSELLAWA/HALGRANOYA,891.64,1046.86
2023-05,MATURATA,883.52,1054.08
2023-05,KOSLANDA/HALDUMULLA,1123.12,1381.68
2023-05,HAPUTALE,992.95,1195.25
2023-05,BANDARAWELA/POONAGALLA,923.25,1141.43
2023-05,MALWATTE/WELIMADA,920.05,1044.52
2023-05,DEMODARA/HALIELLA/BADULLA,984.21,1144.81
2023-05,ELLA/NAMUNUKULA,1005.81,1087.58
2023-05,PASSARA/LUNUGALLA,930.7,1105.36
2023-05,MADULSIMA,879.91,998.08
2023-05,DENIYAYA,1234.71,1491.42
2023-05,GALLE,1173.91,1410.65
2023-05,KALUTARA,1069.63,1252.82
2023-05,KEGALLE,1031.56,1203.4
2023-05,KELLANI VELLI,1078.81,1321.86
2023-05,KANDY/MATALE/KURUNEGALA,879.68,1011.8
2023-05,MATARA,1233.2,1489.12
2023-05,MORAWAKA,1165.87,1406.79
2023-05,RATNAPURA,1109.86,1339.76
2023-05,BALANGODA,997.19,1198.33
2023-06,NUWARA ELIYA,842.02,1139.68
2023-06,RAMBODA,814.54,1150.0
2023-06,PUNDALUOYA,805.39,1116.03
2023-06,AGARAPATANA,818.99,1160.0
2023-06,NANUOYA/LINDULA/TALAWAKELE,944.8,1313.49
2023-06,PATANA KOTAGALA,839.59,1181.41
2023-06,HATTON/DICKOYA,818.61,1147.78
2023-06,BOGAWANTALAWA,839.16,1205.29
2023-06,UPCOT/MASKELIYA,868.65,1235.95
2023-06,WATAWALA/GINIGAT/NORTON,717.66,913.26
2023-06,PUSSELLAWA/HEWAHETA,864.32,1154.26
2023-06,KOTHMALE,899.96,1105.22
2023-06,GAMPOLA/NAWALAPITIYA/DOLOSBAGE,863.25,1079.82
2023-06,NILAMBE/HANTANE/GALAHA,854.87,1090.23
2023-06,KADUGANNAWA,911.68,1029.31
2023-06,MADULKELLE KNUCKLES,819.39,998.84
2023-06,HUNASGIRIYA/MATALE,802.55,920.65
2023-06,BALANGODA/RAKWANA,930.61,1118.87
2023-06,UDAPUSSELLAWA/HALGRANOYA,755.26,976.51
2023-06,MATURATA,780.21,992.07
2023-06,KOSLANDA/HALDUMULLA,1081.32,1335.94
2023-06,HAPUTALE,916.22,1130.63
2023-06,BANDARAWELA/POONAGALLA,892.33,1090.69
2023-06,MALWATTE/WELIMADA,848.7,991.14
2023-06,DEMODARA/HALIELLA/BADULLA,903.12,1096.5
2023-06,ELLA/NAMUNUKULA,803.25,1027.65
2023-06,PASSARA/LUNUGALLA,875.94,1053.1
2023-06,MADULSIMA,827.29,958.07
2023-06,DENIYAYA,1182.7,1437.62
2023-06,GALLE,1114.61,1360.28
2023-06,KALUTARA,1025.62,1212.64
2023-06,KEGALLE,976.4,1165.89
2023-06,KELLANI VELLI,1057.04,1276.49
2023-06,KANDY/MATALE/KURUNEGALA,824.87,972.86
2023-06,MATARA,1176.82,1435.5
2023-06,MORAWAKA,1125.93,1360.9
2023-06,RATNAPURA,1051.65,1289.67
2023-06,BALANGODA,947.18,1151.54
2023-07,NUWARA ELIYA,830.48,1095.89
2023-07,RAMBODA,805.41,1106.81
2023-07,PUNDALUOYA,808.66,1065.75
2023-07,AGARAPATANA,823.88,1112.28
2023-07,NANUOYA/LINDULA/TALAWAKELE,966.68,1264.22
2023-07,PATANA KOTAGALA,832.16,1132.45
2023-07,HATTON/DICKOYA,816.98,1099.07
2023-07,BOGAWANTALAWA,856.1,1155.85
2023-07,UPCOT/MASKELIYA,884.56,1168.62
2023-07,WATAWALA/GINIGAT/NORTON,701.04,884.21
2023-07,PUSSELLAWA/HEWAHETA,853.63,1111.57
2023-07,KOTHMALE,935.03,1079.51
2023-07,GAMPOLA/NAWALAPITIYA/DOLOSBAGE,901.65,1055.19
2023-07,NILAMBE/HANTANE/GALAHA,944.32,1064.83
2023-07,KADUGANNAWA,919.81,1013.6
2023-07,MADULKELLE KNUCKLES,858.04,975.59
2023-07,HUNASGIRIYA/MATALE,786.62,901.87
2023-07,BALANGODA/RAKWANA,986.73,1098.49
2023-07,UDAPUSSELLAWA/HALGRANOYA,763.62,937.61
2023-07,MATURATA,793.15,957.36
2023-07,KOSLANDA/HALDUMULLA,1063.95,1287.51
2023-07,HAPUTALE,970.06,1101.63
2023-07,BANDARAWELA/POONAGALLA,929.84,1064.89
2023-07,MALWATTE/WELIMADA,927.31,977.25
2023-07,DEMODARA/HALIELLA/BADULLA,968.21,1076.36
2023-07,ELLA/NAMUNUKULA,811.35,992.87
2023-07,PASSARA/LUNUGALLA,943.04,1035.1
2023-07,MADULSIMA,882.16,944.83
2023-07,DENIYAYA,1227.7,1407.54
2023-07,GALLE,1157.65,1332.34
2023-07,KALUTARA,1040.74,1187.21
2023-07,KEGALLE,1006.51,1143.35
2023-07,KELLANI VELLI,1099.41,1252.03
2023-07,KANDY/MATALE/KURUNEGALA,818.23,947.28
2023-07,MATARA,1231.24,1407.16
2023-07,MORAWAKA,1178.52,1336.1
2023-07,RATNAPURA,1096.87,1261.94
2023-07,BALANGODA,998.53,1129.66
2023-08,NUWARA ELIYA,890.24,1063.17
2023-08,RAMBODA,925.49,1087.37
2023-08,PUNDALUOYA,886.42,1034.39
2023-08,AGARAPATANA,910.39,1087.97
2023-08,NANUOYA LINDULA TALAWAKELE,1048.48,1235.04
2023-08,PATANA KOTAGALA,941.25,1111.5
2023-08,HATTON DICKOYA,883.83,1071.22
2023-08,BOGAWANTALAWA,959.48,1130.88
2023-08,UPCOT MASKELIYAB8,994.36,1143.02
2023-08,WATAWALA GINIGAT NOTRON,782.1,877.16
2023-08,PUSSELLAWA HEWAHETA,998.7,1096.11
2023-08,KOTMALE,1046.01,1075.78
2023-08,GAMPOLA NAWALAPITIYA DOLOSBAGE,952.48,1040.27
2023-08,NILAMBE HANTANE GALAHA,971.12,1048.48
2023-08,KADUGANNAWA,974.95,1007.66
2023-08,MADULKELLE KNUCKLES RANGA,921.05,967.39
2023-08,HUNASGIRIYA MATALE YAKDESSA,824.67,888.28
2023-08,BALANGODA RAKWANA,1040.25,1090.05
2023-08,UDAPUSSELLAWA HALGRANOYA,776.26,912.18
2023-08,MATURATA,810.05,933.18
2023-08,KOSLANDA HALDUMULLA,1180.28,1268.95
2023-08,HAPUTALE,993.51,1084.75
2023-08,BANDARAWELA POONAGALLA,952.0,1047.04
2023-08,MALWATTE WELIMADA,1142.48,1009.37
2023-08,DEMODARA HALIELLA BADULLA,1041.0,1071.44
2023-08,ELLA NAMUNUKULA,885.98,976.51
2023-08,PASSARA LUNUGALLA,989.5,1028.35
2023-08,MADULSIMA,895.91,935.73
2023-08,DENIYAYA,1335.89,1397.13
2023-08,GALLE,1256.18,1320.64
2023-08,KALUTARA,1174.25,1185.27
2023-08,KEGALLE,1059.75,1129.63
2023-08,KALANY VELLY,1235.42,1249.59
2023-08,KANDY MATALE KURUNEGALA,886.23,938.37
2023-08,MATARA,1335.56,1396.38
2023-08,MORAWAKE,1235.47,1319.97
2023-08,RATNAPURA,1211.74,1254.44
2023-08,BALANGODA,1020.12,1115.49
2023-09,NUWARA ELIYA,959.96,1054.16
2023-09,RAMBODA,1052.35,1084.28
2023-09,PUNDALUOYA,964.93,1027.47
2023-09,AGARAPATANA,1042.33,1084.15
2023-09,NANUOYA LINDULA TALAWAKELE,1159.03,1227.14
2023-09,PATANA KOTAGALA,1088.32,1109.38
2023-09,HATTON DICKOYA,1036.94,1068.0
2023-09,BOGAWANTALAWA,1111.89,1129.09
2023-09,UPCOT MASKELIYAB8,1081.92,1136.78
2023-09,WATAWALA GINIGAT NOTRON,918.41,878.71
2023-09,PUSSELLAWA HEWAHETA,1102.81,1096.67
2023-09,KOTMALE,1135.58,1082.66
2023-09,GAMPOLA NAWALAPITIYA DOLOSBAGE,1028.19,1038.96
2023-09,NILAMBE HANTANE GALAHA,1096.66,1054.52
2023-09,KADUGANNAWA,1040.2,1011.48
2023-09,MADULKELLE KNUCKLES RANGA,981.88,968.48
2023-09,HUNASGIRIYA MATALE YAKDESSA,822.82,880.59
2023-09,BALANGODA RAKWANA,1059.53,1087.81
2023-09,UDAPUSSELLAWA HALGRANOYA,866.47,909.47
2023-09,MATURATA,897.18,930.44
2023-09,KOSLANDA HALDUMULLA,1078.56,1244.08
2023-09,HAPUTALE,1029.6,1080.38
2023-09,BANDARAWELA POONAGALLA,1003.4,1043.13
2023-09,MALWATTE WELIMADA,1029.56,1010.95
2023-09,DEMODARA HALIELLA BADULLA,1044.22,1069.04
2023-09,ELLA NAMUNUKULA,925.98,971.86
2023-09,PASSARA LUNUGALLA,1031.54,1028.59
2023-09,MADULSIMA,851.71,929.19
2023-09,DENIYAYA,1353.44,1393.46
2023-09,GALLE,1310.18,1319.59
2023-09,KALUTARA,1188.29,1185.54
2023-09,KEGALLE,1099.21,1126.21
2023-09,KALANY VELLY,1265.27,1251.01
2023-09,KANDY MATALE KURUNEGALA,913.53,935.49
2023-09,MATARA,1385.72,1395.42
2023-09,MORAWAKE,1347.77,1322.33
2023-09,RATNAPURA,1255.12,1254.5
2023-09,BALANGODA,1064.43,1112.35
2023-10,NUWARA ELIYA,1005.3,1049.63
2023-10,RAMBODA,958.66,1071.88
2023-10,PUNDALUOYA,927.12,1015.43
2023-10,AGARAPATANA,995.9,1074.89
2023-10,NANUOYA LINDULA TALAWAKELE,1116.08,1215.33
2023-10,PATANA KOTAGALA,990.21,1098.45
2023-10,HATTON DICKOYA,991.59,1061.49
2023-10,BOGAWANTALAWA,1042.66,1120.27
2023-10,UPCOT MASKELIYAB8,1027.84,1125.79
2023-10,WATAWALA GINIGAT NOTRON,913.63,880.44
2023-10,PUSSELLAWA HEWAHETA,1055.95,1092.81
2023-10,KOTMALE,1027.67,1077.58
2023-10,GAMPOLA NAWALAPITIYA DOLOSBAGE,974.36,1031.68
2023-10,NILAMBE HANTANE GALAHA,1030.86,1051.91
2023-10,KADUGANNAWA,952.28,1004.36
2023-10,MADULKELLE KNUCKLES RANGA,960.22,967.74
2023-10,HUNASGIRIYA MATALE YAKDESSA,876.34,880.15
2023-10,BALANGODA RAKWANA,1067.79,1086.13
2023-10,UDAPUSSELLAWA HALGRANOYA,851.31,905.23
2023-10,MATURATA,943.0,931.52
2023-10,KOSLANDA HALDUMULLA,1149.2,1231.33
2023-10,HAPUTALE,995.62,1072.16
2023-10,BANDARAWELA POONAGALLA,980.7,1037.61
2023-10,MALWATTE WELIMADA,979.13,1007.37
2023-10,DEMODARA HALIELLA BADULLA,1001.77,1060.62
2023-10,ELLA NAMUNUKULA,907.61,965.32
2023-10,PASSARA LUNUGALLA,1016.07,1027.39
2023-10,MADULSIMA,857.43,922.04
2023-10,DENIYAYA,1378.95,1392.1
2023-10,GALLE,1260.85,1313.45
2023-10,KALUTARA,1190.07,1185.95
2023-10,KEGALLE,1047.58,1117.68
2023-10,KALANY VELLY,1216.71,1247.79
2023-10,KANDY MATALE KURUNEGALA,984.82,931.25
2023-10,MATARA,1357.86,1391.71
2023-10,MORAWAKE,1216.0,1310.61
2023-10,RATNAPURA,1223.62,1251.44
2023-10,BALANGODA,1051.61,1107.63
2023-11,NUWARA ELIYA,1030.73,1048.03
2023-11,RAMBODA,944.06,1063.66
2023-11,PUNDALUOYA,968.73,1011.86
2023-11,AGARAPATANA,961.72,1065.44
2023-11,NANUOYA LINDULA TALAWAKELE,1146.82,1210.06
2023-11,PATANA KOTAGALA,998.69,1091.59
2023-11,HATTON DICKOYA,994.94,1057.04
2023-11,BOGAWANTALAWA,1046.58,1114.57
2023-11,UPCOT MASKELIYAB8,1004.96,1115.15
2023-11,WATAWALA GINIGAT NOTRON,914.32,881.99
2023-11,PUSSELLAWA HEWAHETA,1066.1,1090.75
2023-11,KOTMALE,1083.43,1078.11
2023-11,GAMPOLA NAWALAPITIYA DOLOSBAGE,964.88,1025.52
2023-11,NILAMBE HANTANE GALAHA,1014.38,1048.41
2023-11,KADUGANNAWA,958.43,1000.07
2023-11,MADULKELLE KNUCKLES RANGA,962.24,967.23
2023-11,HUNASGIRIYA MATALE YAKDESSA,930.08,884.77
2023-11,BALANGODA RAKWANA,1047.88,1082.02
2023-11,UDAPUSSELLAWA HALGRANOYA,877.46,903.18
2023-11,MATURATA,945.65,932.49
2023-11,KOSLANDA HALDUMULLA,1174.04,1226.37
2023-11,HAPUTALE,1003.98,1067.4
2023-11,BANDARAWELA POONAGALLA,966.13,1033.12
2023-11,MALWATTE WELIMADA,916.47,1000.72
2023-11,DEMODARA HALIELLA BADULLA,1028.87,1058.02
2023-11,ELLA NAMUNUKULA,912.09,960.81
2023-11,PASSARA LUNUGALLA,992.94,1024.36
2023-11,MADULSIMA,903.5,920.64
2023-11,DENIYAYA,1344.97,1387.84
2023-11,GALLE,1230.8,1306.76
2023-11,KALUTARA,1153.44,1183.46
2023-11,KEGALLE,1046.17,1111.44
2023-11,KALANY VELLY,1194.69,1243.18
2023-11,KANDY MATALE KURUNEGALA,932.15,931.33
2023-11,MATARA,1359.5,1389.21
2023-11,MORAWAKE,1262.66,1306.94
2023-11,RATNAPURA,1175.82,1244.78
2023-11,BALANGODA,1049.84,1102.41
2023-12,NUWARA ELIYA,1095.12,1050.46
2023-12,RAMBODA,1026.32,1061.59
2023-12,PUNDALUOYA,967.89,1009.07
2023-12,AGARAPATANA,1035.05,1063.63
2023-12,NANUOYA LINDULA TALAWAKELE,1234.67,1211.59
2023-12,PATANA KOTAGALA,1046.27,1089.25
2023-12,HATTON DICKOYA,1057.0,1057.04
2023-12,BOGAWANTALAWA,1087.58,1113.08
2023-12,UPCOT MASKELIYAB8,1078.17,1112.72
2023-12,WATAWALA GINIGAT NOTRON,1020.01,885.34
2023-12,PUSSELLAWA HEWAHETA,1115.16,1091.93
2023-12,KOTMALE,1115.53,1079.75
2023-12,GAMPOLA NAWALAPITIYA DOLOSBAGE,1020.11,1025.52
2023-12,NILAMBE HANTANE GALAHA,1030.04,1047.04
2023-12,KADUGANNAWA,966.55,997.99
2023-12,MADULKELLE KNUCKLES RANGA,939.53,965.33
2023-12,HUNASGIRIYA MATALE YAKDESSA,853.11,882.36
2023-12,BALANGODA RAKWANA,1071.05,1081.44
2023-12,UDAPUSSELLAWA HALGRANOYA,901.29,903.07
2023-12,MATURATA,973.97,935.39
2023-12,KOSLANDA HALDUMULLA,1310.26,1229.49
2023-12,HAPUTALE,1066.52,1067.35
2023-12,BANDARAWELA POONAGALLA,1067.85,1034.78
2023-12,MALWATTE WELIMADA,996.95,1000.5
2023-12,DEMODARA HALIELLA BADULLA,1111.26,1061.42
2023-12,ELLA NAMUNUKULA,1011.89,963.05
2023-12,PASSARA LUNUGALLA,1048.2,1025.73
2023-12,MADULSIMA,1027.61,927.12
2023-12,DENIYAYA,1450.83,1391.48
2023-12,GALLE,1325.54,1307.84
2023-12,KALUTARA,1175.23,1182.97
2023-12,KEGALLE,1127.85,1112.22
2023-12,KALANY VELLY,1336.45,1247.86
2023-12,KANDY MATALE KURUNEGALA,956.37,932.6
2023-12,MATARA,1448.28,1392.37
2023-12,MORAWAKE,1264.96,1304.58
2023-12,RATNAPURA,1288.44,1247.05
2023-12,BALANGODA,1083.52,1101.51
2024-01,NUWARA ELIYA,1112.07,1112.07
2024-01,RAMBODA,1096.67,1096.97
2024-01,PUNDALUOYA,1003.85,1003.85
2024-01,AGARAPATANA,1054.43,1054.43
2024-01,NANUOYA LINDULA TALAWAKELE,1203.05,1203.05
2024-01,PATANA KOTAGALA,1067.98,1067.98
2024-01,HATTON DICKOYA,1104.47,1104.47
2024-01,BOGAWANTALAWA,1112.59,1112.59
2024-01,UPCOT MASKELIYAB8,1115.75,1115.75
2024-01,WATAWALA GINIGAT NOTRON,1038.87,1038.87
2024-01,PUSSELLAWA HEWAHETA,1187.85,1187.85
2024-01,KOTMALE,1265.29,1265.29
2024-01,GAMPOLA NAWALAPITIYA DOLOSBAGE,1107.28,1107.28
2024-01,NILAMBE HANTANE GALAHA,1180.63,1180.63
2024-01,KADUGANNAWA,1080.89,1080.89
2024-01,MADULKELLE KNUCKLES RANGA,1060.16,1060.16
2024-01,HUNASGIRIYA MATALE YAKDESSA,853.53,853.53
2024-01,BALANGODA RAKWANA,1193.99,1193.99
2024-01,UDAPUSSELLAWA HALGRANOYA,927.83,927.83
2024-01,MATURATA,968.69,968.69
2024-01,KOSLANDA HALDUMULLA,1460.26,1460.26
2024-01,HAPUTALE,1034.18,1034.18
2024-01,BANDARAWELA POONAGALLA,1105.74,1105.74
2024-01,MALWATTE WELIMADA,1057.31,1057.31
2024-01,DEMODARA HALIELLA BADULLA,1099.05,1099.05
2024-01,ELLA NAMUNUKULA,998.43,998.43
2024-01,PASSARA LUNUGALLA,1067.42,1067.42
2024-01,MADULSIMA,953.72,953.72
2024-01,DENIYAYA,1591.4,1591.4
2024-01,GALLE,1432.77,1432.77
2024-01,KALUTARA,1372.52,1372.52
2024-01,KEGALLE,1233.78,1233.78
2024-01,KALANY VELLY,1427.46,1427.46
2024-01,KANDY MATALE KURUNEGALA,982.12,982.12
2024-01,MATARA,1552.01,1552.01
2024-01,MORAWAKE,1387.66,1387.66
2024-01,RATNAPURA,1387.76,1387.76
2024-01,BALANGODA,1209.79,1209.79
2024-01,COLOMBO,30400.0,30400.0
2024-02,NUWARA ELIYA,1200.09,1148.24
2024-02,RAMBODA,1167.13,1123.62
2024-02,PUNDALUOYA,1037.27,1019.41
2024-02,AGARAPATANA,1110.05,1076.64
2024-02,NANUOYA LINDULA TALAWAKELE,1296.55,1242.95
2024-02,PATANA KOTAGALA,1153.9,1106.25
2024-02,HATTON DICKOYA,1139.45,1120.51
2024-02,BOGAWANTALAWA,1206.69,1150.46
2024-02,UPCOT MASKELIYAB8,1184.07,1144.42
2024-02,WATAWALA GINIGAT NOTRON,1090.14,1054.93
2024-02,PUSSELLAWA HEWAHETA,1284.91,1226.8
2024-02,KOTMALE,1390.7,1316.26
2024-02,GAMPOLA NAWALAPITIYA DOLOSBAGE,1145.33,1123.02
2024-02,NILAMBE HANTANE GALAHA,1211.73,1191.0
2024-02,KADUGANNAWA,1014.58,1053.97
2024-02,MADULKELLE KNUCKLES RANGA,1136.75,1087.05
2024-02,HUNASGIRIYA MATALE YAKDESSA,1038.3,907.15
2024-02,BALANGODA RAKWANA,1251.56,1215.59
2024-02,UDAPUSSELLAWA HALGRANOYA,909.08,922.6
2024-02,MATURATA,949.69,963.79
2024-02,KOSLANDA HALDUMULLA,1467.55,1463.13
2024-02,HAPUTALE,1178.47,1081.48
2024-02,BANDARAWELA POONAGALLA,1206.09,1143.08
2024-02,MALWATTE WELIMADA,1148.13,1082.75
2024-02,DEMODARA HALIELLA BADULLA,1201.72,1133.64
2024-02,ELLA NAMUNUKULA,1076.95,1036.41
2024-02,PASSARA LUNUGALLA,1151.22,1100.45
2024-02,MADULSIMA,975.75,959.63
2024-02,DENIYAYA,1588.74,1590.31
2024-02,GALLE,1447.23,1438.94
2024-02,KALUTARA,1351.1,1363.25
2024-02,KEGALLE,1268.16,1248.2
2024-02,KALANY VELLY,1464.15,1442.63
2024-02,KANDY MATALE KURUNEGALA,1013.53,994.57
2024-02,MATARA,1557.5,1554.28
2024-02,MORAWAKE,1468.13,1420.89
2024-02,RATNAPURA,1410.46,1397.06
2024-02,BALANGODA,1322.41,1248.02
2024-02,COLOMBO,31000.0,30625.0
2024-03,NUWARA ELIYA,1261.5,1150.83
2024-03,RAMBODA,1224.37,1152.86
2024-03,PUNDALUOYA,1092.11,1045.33
2024-03,AGARAPATANA,1086.42,1051.9
2024-03,NANUOYA LINDULA TALAWAKELE,1387.51,1287.55
2024-03,PATANA KOTAGALA,1234.32,1144.45
2024-03,HATTON DICKOYA,1188.87,1143.39
2024-03,BOGAWANTALAWA,1338.34,1205.34
2024-03,UPCOT MASKELIYAB8,1295.36,1188.63
2024-03,WATAWALA GINIGAT NOTRON,1177.72,1095.17
2024-03,PUSSELLAWA HEWAHETA,1301.78,1250.66
2024-03,KOTMALE,1343.83,1325.79
2024-03,GAMPOLA NAWALAPITIYA DOLOSBAGE,1161.49,1135.83
2024-03,NILAMBE HANTANE GALAHA,1180.98,1187.7
2024-03,KADUGANNAWA,1065.22,1057.21
2024-03,MADULKELLE KNUCKLES RANGA,1136.05,1102.11
2024-03,HUNASGIRIYA MATALE YAKDESSA,1037.08,953.13
2024-03,BALANGODA RAKWANA,1267.52,1232.49
2024-03,UDAPUSSELLAWA HALGRANOYA,1147.52,989.01
2024-03,MATURATA,1147.26,1019.68
2024-03,KOSLANDA HALDUMULLA,1411.3,1449.17
2024-03,HAPUTALE,1228.21,1141.12
2024-03,BANDARAWELA POONAGALLA,1237.18,1174.32
2024-03,MALWATTE WELIMADA,1203.72,1130.21
2024-03,DEMODARA HALIELLA BADULLA,1284.82,1189.07
2024-03,ELLA NAMUNUKULA,1089.23,1054.3
2024-03,PASSARA LUNUGALLA,1211.46,1144.48
2024-03,MADULSIMA,1176.97,1035.39
2024-03,DENIYAYA,1576.32,1585.88
2024-03,GALLE,1379.06,1420.11
2024-03,KALUTARA,1245.58,1325.42
2024-03,KEGALLE,1287.93,1260.14
2024-03,KALANY VELLY,1413.27,1433.62
2024-03,KANDY MATALE KURUNEGALA,1021.35,1003.35
2024-03,MATARA,1546.13,1552.12
2024-03,MORAWAKE,1433.36,1424.25
2024-03,RATNAPURA,1381.96,1387.61
2024-03,BALANGODA,1299.05,1265.27
2024-03,COLOMBO,33882.35,32840.0
2024-04,NUWARA ELIYA,1138.95,1147.71
2024-04,RAMBODA,1132.23,1148.29
2024-04,PUNDALUOYA,1035.09,1043.18
2024-04,AGARAPATANA,1094.73,1059.82
2024-04,NANUOYA LINDULA TALAWAKELE,1271.19,1284.32
2024-04,PATANA KOTAGALA,1117.84,1139.33
2024-04,HATTON DICKOYA,1170.4,1147.61
2024-04,BOGAWANTALAWA,1240.05,1212.41
2024-04,UPCOT MASKELIYAB8,1222.36,1196.07
2024-04,WATAWALA GINIGAT NOTRON,1127.11,1103.06
2024-04,PUSSELLAWA HEWAHETA,1178.21,1232.98
2024-04,KOTMALE,1162.02,1288.63
2024-04,GAMPOLA NAWALAPITIYA DOLOSBAGE,1062.43,1117.83
2024-04,NILAMBE HANTANE GALAHA,1018.1,1137.47
2024-04,KADUGANNAWA,984.7,1043.49
2024-04,MADULKELLE KNUCKLES RANGA,1017.41,1079.6
2024-04,HUNASGIRIYA MATALE YAKDESSA,940.06,949.61
2024-04,BALANGODA RAKWANA,1203.26,1224.51
2024-04,UDAPUSSELLAWA HALGRANOYA,1082.3,1021.55
2024-04,MATURATA,1082.95,1042.78
2024-04,KOSLANDA HALDUMULLA,1300.42,1418.74
2024-04,HAPUTALE,1088.95,1124.14
2024-04,BANDARAWELA POONAGALLA,1138.62,1163.62
2024-04,MALWATTE WELIMADA,1092.63,1117.89
2024-04,DEMODARA HALIELLA BADULLA,1189.01,1189.05
2024-04,ELLA NAMUNUKULA,944.12,1023.21
2024-04,PASSARA LUNUGALLA,1124.7,1138.28
2024-04,MADULSIMA,1048.56,1039.58
2024-04,DENIYAYA,1536.59,1575.34
2024-04,GALLE,1339.75,1404.33
2024-04,KALUTARA,1205.22,1300.98
2024-04,KEGALLE,1179.52,1241.69
2024-04,KALANY VELLY,1276.24,1398.92
2024-04,KANDY MATALE KURUNEGALA,968.16,994.98
2024-04,MATARA,1466.99,1535.92
2024-04,MORAWAKE,1365.8,1413.15
2024-04,RATNAPURA,1313.08,1371.02
2024-04,BALANGODA,1217.39,1252.55
2024-04,COLOMBO,34717.39,33739.58
2024-05,NUWARA ELIYA,1103.72,1137.52
2024-05,RAMBODA,1088.22,1137.47
2024-05,PUNDALUOYA,1056.9,1045.76
2024-05,AGARAPATANA,1161.54,1077.25
2024-05,NANUOYA LINDULA TALAWAKELE,1305.83,1287.05
2024-05,PATANA KOTAGALA,1109.26,1133.39
2024-05,HATTON DICKOYA,1156.19,1149.31
2024-05,BOGAWANTALAWA,1222.11,1214.43
2024-05,UPCOT MASKELIYAB8,1208.0,1198.39
2024-05,WATAWALA GINIGAT NOTRON,1079.12,1097.78
2024-05,PUSSELLAWA HEWAHETA,1170.66,1221.37
2024-05,KOTMALE,1168.15,1266.99
2024-05,GAMPOLA NAWALAPITIYA DOLOSBAGE,1040.47,1102.5
2024-05,NILAMBE HANTANE GALAHA,1024.56,1119.07
2024-05,KADUGANNAWA,1031.12,1041.56
2024-05,MADULKELLE KNUCKLES RANGA,984.55,1060.0
2024-05,HUNASGIRIYA MATALE YAKDESSA,957.47,951.14
2024-05,BALANGODA RAKWANA,1166.87,1210.59
2024-05,UDAPUSSELLAWA HALGRANOYA,1073.77,1034.61
2024-05,MATURATA,1065.11,1048.59
2024-05,KOSLANDA HALDUMULLA,1446.25,1425.08
2024-05,HAPUTALE,1149.15,1130.59
2024-05,BANDARAWELA POONAGALLA,1178.68,1168.04
2024-05,MALWATTE WELIMADA,1128.95,1120.62
2024-05,DEMODARA HALIELLA BADULLA,1190.32,1189.39
2024-05,ELLA NAMUNUKULA,1002.6,1019.93
2024-05,PASSARA LUNUGALLA,1097.29,1126.81
2024-05,MADULSIMA,1107.12,1058.29
2024-05,DENIYAYA,1607.89,1582.44
2024-05,GALLE,1447.25,1412.58
2024-05,KALUTARA,1322.87,1305.25
2024-05,KEGALLE,1232.04,1239.78
2024-05,KALANY VELLY,1348.67,1388.81
2024-05,KANDY MATALE KURUNEGALA,960.93,987.99
2024-05,MATARA,1530.61,1534.78
2024-05,MORAWAKE,1461.68,1422.59
2024-05,RATNAPURA,1357.04,1368.18
2024-05,BALANGODA,1215.58,1243.11
2024-05,COLOMBO,34590.91,34007.14
2024-06,NUWARA ELIYA,1073.02,1127.45
2024-06,RAMBODA,1081.17,1129.35
2024-06,PUNDALUOYA,1057.46,1047.45
2024-06,AGARAPATANA,1122.0,1084.2
2024-06,NANUOYA LINDULA TALAWAKELE,1292.27,1287.71
2024-06,PATANA KOTAGALA,1108.84,1129.6
2024-06,HATTON DICKOYA,1138.6,1147.45
2024-06,BOGAWANTALAWA,1162.84,1205.08
2024-06,UPCOT MASKELIYAB8,1145.98,1187.3
2024-06,WATAWALA GINIGAT NOTRON,1088.01,1096.19
2024-06,PUSSELLAWA HEWAHETA,1205.61,1218.55
2024-06,KOTMALE,1193.55,1254.49
2024-06,GAMPOLA NAWALAPITIYA DOLOSBAGE,1048.22,1093.35
2024-06,NILAMBE HANTANE GALAHA,1061.78,1110.91
2024-06,KADUGANNAWA,1008.58,1036.67
2024-06,MADULKELLE KNUCKLES RANGA,1005.32,1050.34
2024-06,HUNASGIRIYA MATALE YAKDESSA,1023.47,962.78
2024-06,BALANGODA RAKWANA,1150.36,1198.79
2024-06,UDAPUSSELLAWA HALGRANOYA,1045.38,1036.77
2024-06,MATURATA,1068.06,1052.49
2024-06,KOSLANDA HALDUMULLA,1331.66,1407.88
2024-06,HAPUTALE,1115.34,1127.76
2024-06,BANDARAWELA POONAGALLA,1189.93,1172.87
2024-06,MALWATTE WELIMADA,1108.06,1118.04
2024-06,DEMODARA HALIELLA BADULLA,1176.64,1186.9
2024-06,ELLA NAMUNUKULA,1048.28,1024.91
2024-06,PASSARA LUNUGALLA,1098.87,1121.48
2024-06,MADULSIMA,1043.74,1055.29
2024-06,DENIYAYA,1572.12,1580.6
2024-06,GALLE,1415.27,1413.02
2024-06,KALUTARA,1271.74,1299.73
2024-06,KEGALLE,1168.29,1227.11
2024-06,KALANY VELLY,1339.76,1380.35
2024-06,KANDY MATALE KURUNEGALA,984.22,987.34
2024-06,MATARA,1510.78,1530.5
2024-06,MORAWAKE,1436.8,1424.79
2024-06,RATNAPURA,1319.88,1360.14
2024-06,BALANGODA,1206.68,1236.61
2024-06,COLOMBO,33000.0,33640.91
2024-07,NUWARA ELIYA,1128.09,1127.53
2024-07,RAMBODA,1120.4,1127.84
2024-07,PUNDALUOYA,1046.85,1047.34
2024-07,AGARAPATANA,1160.7,1096.71
2024-07,NANUOYA LINDULA TALAWAKELE,1281.91,1286.67
2024-07,PATANA KOTAGALA,1112.72,1126.83
2024-07,HATTON DICKOYA,1135.13,1145.5
2024-07,BOGAWANTALAWA,1218.56,1207.08
2024-07,UPCOT MASKELIYAB8,1167.17,1184.42
2024-07,WATAWALA GINIGAT NOTRON,1039.91,1088.37
2024-07,PUSSELLAWA HEWAHETA,1171.25,1209.93
2024-07,KOTMALE,1156.78,1236.19
2024-07,GAMPOLA NAWALAPITIYA DOLOSBAGE,1045.77,1085.53
2024-07,NILAMBE HANTANE GALAHA,1102.68,1109.45
2024-07,KADUGANNAWA,1003.9,1031.85
2024-07,MADULKELLE KNUCKLES RANGA,970.39,1035.74
2024-07,HUNASGIRIYA MATALE YAKDESSA,952.12,960.88
2024-07,BALANGODA RAKWANA,1131.01,1186.62
2024-07,UDAPUSSELLAWA HALGRANOYA,1041.79,1037.71
2024-07,MATURATA,1022.41,1047.74
2024-07,KOSLANDA HALDUMULLA,1408.3,1407.95
2024-07,HAPUTALE,1119.83,1126.52
2024-07,BANDARAWELA POONAGALLA,1167.91,1171.83
2024-07,MALWATTE WELIMADA,1129.06,1120.1
2024-07,DEMODARA HALIELLA BADULLA,1161.38,1182.04
2024-07,ELLA NAMUNUKULA,1002.96,1021.63
2024-07,PASSARA LUNUGALLA,1100.24,1117.73
2024-07,MADULSIMA,1062.01,1056.57
2024-07,DENIYAYA,1500.03,1566.52
2024-07,GALLE,1374.15,1406.31
2024-07,KALUTARA,1193.57,1280.91
2024-07,KEGALLE,1189.9,1221.2
2024-07,KALANY VELLY,1287.48,1364.5
2024-07,KANDY MATALE KURUNEGALA,965.41,983.14
2024-07,MATARA,1450.67,1516.2
2024-07,MORAWAKE,1389.64,1419.03
2024-07,RATNAPURA,1296.35,1349.74
2024-07,BALANGODA,1194.8,1229.98
2024-07,COLOMBO,33500.0,33608.39
2024-8,NUWARA ELIYA,1097.17,1124.2
2024-8,RAMBODA,1092.29,1122.77
2024-8,PUNDALUOYA,1025.72,1044.9
2024-8,AGARAPATANA,1131.14,1100.69
2024-8,NANUOYA LINDULA TALAWAKELE,1232.33,1280.28
2024-8,PATANA KOTAGALA,1052.24,1117.77
2024-8,HATTON DICKOYA,1098.46,1140.02
2024-8,BOGAWANTALAWA,1213.73,1207.83
2024-8,UPCOT MASKELIYAB8,1166.61,1182.3
2024-8,WATAWALA GINIGAT NOTRON,1067.41,1086.51
2024-8,PUSSELLAWA HEWAHETA,1113.9,1197.94
2024-8,KOTMALE,1151.52,1226.46
2024-8,GAMPOLA NAWALAPITIYA DOLOSBAGE,1021.22,1077.66
2024-8,NILAMBE HANTANE GALAHA,1026.43,1097.76
2024-8,KADUGANNAWA,960.36,1022.7
2024-8,MADULKELLE KNUCKLES RANGA,962.74,1025.62
2024-8,HUNASGIRIYA MATALE YAKDESSA,926.53,956.34
2024-8,BALANGODA RAKWANA,1105.15,1176.71
2024-8,UDAPUSSELLAWA HALGRANOYA,1031.43,1036.95
2024-8,MATURATA,1005.07,1041.16
2024-8,KOSLANDA HALDUMULLA,1171.79,1367.37
2024-8,HAPUTALE,1128.22,1126.74
2024-8,BANDARAWELA POONAGALLA,1135.94,1166.38
2024-8,MALWATTE WELIMADA,1386.5,1153.49
2024-8,DEMODARA HALIELLA BADULLA,1134.36,1176.26
2024-8,ELLA NAMUNUKULA,1005.66,1019.81
2024-8,PASSARA LUNUGALLA,1052.18,1110.06
2024-8,MADULSIMA,993.07,1048.77
2024-8,DENIYAYA,1463.02,1553.66
2024-8,GALLE,1314.82,1395.0
2024-8,KALUTARA,1103.77,1257.66
2024-8,KEGALLE,1152.57,1213.04
2024-8,KALANY VELLY,1278.43,1353.34
2024-8,KANDY MATALE KURUNEGALA,916.67,973.47
2024-8,MATARA,1422.31,1504.53
2024-8,MORAWAKE,1339.43,1409.79
2024-8,RATNAPURA,1279.76,1341.67
2024-8,BALANGODA,1181.89,1224.66
2024-8,COLOMBO,33000.0,33550.63
2024-9,NUWARA ELIYA,1055.4,1117.93
2024-9,RAMBODA,1044.74,1115.58
2024-9,PUNDALUOYA,1037.74,1044.18
2024-9,AGARAPATANA,1119.3,1102.2
2024-9,NANUOYA LINDULA TALAWAKELE,1277.67,1280.07
2024-9,PATANA KOTAGALA,1084.6,1114.59
2024-9,HATTON DICKOYA,1101.13,1136.81
2024-9,BOGAWANTALAWA,1218.59,1208.66
2024-9,UPCOT MASKELIYAB8,1170.14,1181.15
2024-9,WATAWALA GINIGAT NOTRON,1064.16,1085.27
2024-9,PUSSELLAWA HEWAHETA,1123.73,1189.89
2024-9,KOTMALE,1198.6,1223.93
2024-9,GAMPOLA NAWALAPITIYA DOLOSBAGE,1040.18,1073.62
2024-9,NILAMBE HANTANE GALAHA,1060.73,1093.36
2024-9,KADUGANNAWA,991.32,1019.43
2024-9,MADULKELLE KNUCKLES RANGA,1014.08,1024.57
2024-9,HUNASGIRIYA MATALE YAKDESSA,918.23,951.26
2024-9,BALANGODA RAKWANA,1136.87,1172.7
2024-9,UDAPUSSELLAWA HALGRANOYA,1045.42,1037.64
2024-9,MATURATA,968.47,1031.67
2024-9,KOSLANDA HALDUMULLA,1210.35,1345.95
2024-9,HAPUTALE,1101.78,1124.51
2024-9,BANDARAWELA POONAGALLA,1163.14,1165.99
2024-9,MALWATTE WELIMADA,1165.24,1154.44
2024-9,DEMODARA HALIELLA BADULLA,1063.63,1165.42
2024-9,ELLA NAMUNUKULA,988.22,1017.14
2024-9,PASSARA LUNUGALLA,1082.63,1107.48
2024-9,MADULSIMA,966.24,1042.24
2024-9,DENIYAYA,1475.53,1545.02
2024-9,GALLE,1331.67,1387.95
2024-9,KALUTARA,1194.09,1250.61
2024-9,KEGALLE,1153.94,1206.26
2024-9,KALANY VELLY,1270.03,1343.49
2024-9,KANDY MATALE KURUNEGALA,942.37,969.65
2024-9,MATARA,1422.06,1495.16
2024-9,MORAWAKE,1379.69,1406.76
2024-9,RATNAPURA,1304.52,1337.88
2024-9,BALANGODA,1187.87,1221.05
2024-9,COLOMBO,32565.22,33425.41
2024-10,NUWARA ELIYA,1116.83,1117.81
2024-10,RAMBODA,1061.61,1109.29
2024-10,PUNDALUOYA,1026.91,1042.22
2024-10,AGARAPATANA,1129.03,1105.29
2024-10,NANUOYA LINDULA TALAWAKELE,1268.12,1278.69
2024-10,PATANA KOTAGALA,1068.26,1109.4
2024-10,HATTON DICKOYA,1120.43,1134.93
2024-10,BOGAWANTALAWA,1216.8,1209.63
2024-10,UPCOT MASKELIYAB8,1175.09,1180.5
2024-10,WATAWALA GINIGAT NOTRON,1066.48,1083.72
2024-10,PUSSELLAWA HEWAHETA,1137.8,1183.77
2024-10,KOTMALE,1146.05,1215.28
2024-10,GAMPOLA NAWALAPITIYA DOLOSBAGE,1015.82,1066.96
2024-10,NILAMBE HANTANE GALAHA,947.75,1075.77
2024-10,KADUGANNAWA,951.66,1011.06
2024-10,MADULKELLE KNUCKLES RANGA,988.25,1020.29
2024-10,HUNASGIRIYA MATALE YAKDESSA,919.7,946.93
2024-10,BALANGODA RAKWANA,1077.85,1160.22
2024-10,UDAPUSSELLAWA HALGRANOYA,1024.34,1036.27
2024-10,MATURATA,922.77,1017.08
2024-10,KOSLANDA HALDUMULLA,1192.95,1324.14
2024-10,HAPUTALE,1099.97,1121.91
2024-10,BANDARAWELA POONAGALLA,1137.04,1162.55
2024-10,MALWATTE WELIMADA,1091.43,1148.17
2024-10,DEMODARA HALIELLA BADULLA,1065.55,1153.75
2024-10,ELLA NAMUNUKULA,971.98,1013.37
2024-10,PASSARA LUNUGALLA,1070.04,1103.04
2024-10,MADULSIMA,982.79,1035.82
2024-10,DENIYAYA,1450.1,1533.16
2024-10,GALLE,1265.15,1372.72
2024-10,KALUTARA,1135.08,1236.64
2024-10,KEGALLE,1135.43,1198.0
2024-10,KALANY VELLY,1219.86,1327.68
2024-10,KANDY MATALE KURUNEGALA,939.56,965.83
2024-10,MATARA,1388.96,1481.84
2024-10,MORAWAKE,1330.21,1398.06
2024-10,RATNAPURA,1251.73,1327.93
2024-10,BALANGODA,1142.78,1210.92
2024-10,COLOMBO,32000.0,33394.59
2024-11,NUWARA ELIYA,1132.66,1118.87
2024-11,RAMBODA,1023.05,1102.45
2024-11,PUNDALUOYA,1023.96,1040.67
2024-11,AGARAPATANA,1091.58,1104.29
2024-11,NANUOYA LINDULA TALAWAKELE,1245.91,1276.19
2024-11,PATANA KOTAGALA,1003.66,1100.39
2024-11,HATTON DICKOYA,1088.94,1130.84
2024-11,BOGAWANTALAWA,1180.82,1207.57
2024-11,UPCOT MASKELIYAB8,1149.05,1177.88
2024-11,WATAWALA GINIGAT NOTRON,996.12,1076.45
2024-11,PUSSELLAWA HEWAHETA,1129.81,1179.59
2024-11,KOTMALE,1102.01,1206.29
2024-11,GAMPOLA NAWALAPITIYA DOLOSBAGE,997.19,1060.75
2024-11,NILAMBE HANTANE GALAHA,952.2,1064.39
2024-11,KADUGANNAWA,917.14,1001.54
2024-11,MADULKELLE KNUCKLES RANGA,955.51,1015.33
2024-11,HUNASGIRIYA MATALE YAKDESSA,895.9,941.93
2024-11,BALANGODA RAKWANA,1026.84,1148.06
2024-11,UDAPUSSELLAWA HALGRANOYA,971.79,1032.56
2024-11,MATURATA,809.03,997.71
2024-11,KOSLANDA HALDUMULLA,1136.1,1300.32
2024-11,HAPUTALE,1034.07,1115.72
2024-11,BANDARAWELA POONAGALLA,1148.66,1161.34
2024-11,MALWATTE WELIMADA,1006.25,1141.54
2024-11,DEMODARA HALIELLA BADULLA,1045.71,1146.72
2024-11,ELLA NAMUNUKULA,903.13,1006.62
2024-11,PASSARA LUNUGALLA,1022.63,1097.76
2024-11,MADULSIMA,919.0,1027.5
2024-11,DENIYAYA,1399.84,1520.69
2024-11,GALLE,1240.64,1361.12
2024-11,KALUTARA,1084.08,1222.93
2024-11,KEGALLE,1086.94,1187.93
2024-11,KALANY VELLY,1185.26,1313.98
2024-11,KANDY MATALE KURUNEGALA,905.23,960.27
2024-11,MATARA,1345.02,1469.09
2024-11,MORAWAKE,1268.57,1386.13
2024-11,RATNAPURA,1212.15,1318.37
2024-11,BALANGODA,1099.01,1200.83
2024-11,COLOMBO,30133.33,33150.0
2024-12,NUWARA ELIYA,1094.88,1117.57
2024-12,RAMBODA,1109.18,1102.9
2024-12,PUNDALUOYA,1013.5,1038.4
2024-12,AGARAPATANA,1123.48,1105.68
2024-12,NANUOYA LINDULA TALAWAKELE,1254.95,1274.6
2024-12,PATANA KOTAGALA,1032.82,1095.09
2024-12,HATTON DICKOYA,1107.39,1128.98
2024-12,BOGAWANTALAWA,1191.8,1206.5
2024-12,UPCOT MASKELIYAB8,1160.13,1176.52
2024-12,WATAWALA GINIGAT NOTRON,963.06,1068.36
2024-12,PUSSELLAWA HEWAHETA,1149.47,1177.06
2024-12,KOTMALE,1109.78,1198.42
2024-12,GAMPOLA NAWALAPITIYA DOLOSBAGE,1046.8,1059.67
2024-12,NILAMBE HANTANE GALAHA,1008.89,1060.25
2024-12,KADUGANNAWA,1012.93,1002.44
2024-12,MADULKELLE KNUCKLES RANGA,1000.95,1014.25
2024-12,HUNASGIRIYA MATALE YAKDESSA,869.13,935.59
2024-12,BALANGODA RAKWANA,1097.2,1144.07
2024-12,UDAPUSSELLAWA HALGRANOYA,1030.26,1032.4
2024-12,MATURATA,966.26,995.35
2024-12,KOSLANDA HALDUMULLA,1209.88,1290.84
2024-12,HAPUTALE,1152.64,1118.07
2024-12,BANDARAWELA POONAGALLA,1169.37,1162.08
2024-12,MALWATTE WELIMADA,1076.18,1136.72
2024-12,DEMODARA HALIELLA BADULLA,1098.56,1142.87
2024-12,ELLA NAMUNUKULA,1022.24,1007.62
2024-12,PASSARA LUNUGALLA,1063.91,1094.99
2024-12,MADULSIMA,1032.28,1027.88
2024-12,DENIYAYA,1428.79,1513.69
2024-12,GALLE,1299.35,1356.47
2024-12,KALUTARA,1170.37,1219.07
2024-12,KEGALLE,1137.5,1184.14
2024-12,KALANY VELLY,1241.24,1308.2
2024-12,KANDY MATALE KURUNEGALA,946.83,959.19
2024-12,MATARA,1387.61,1462.91
2024-12,MORAWAKE,1338.47,1382.54
2024-12,RATNAPURA,1278.53,1315.53
2024-12,BALANGODA,1147.31,1196.54
2024-12,COLOMBO,30000.0,33043.48
2025-01,NUWARA ELIYA,977.68,977.68
2025-01,RAMBODA,1082.49,1082.49
2025-01,PUNDALUOYA,1022.26,1022.26
2025-01,AGARAPATANA,1088.11,1088.11
2025-01,NANUOYA LINDULA TALAWAKELE,1257.49,1257.49
2025-01,PATANA KOTAGALA,1039.54,1039.54
2025-01,HATTON DICKOYA,1122.63,1122.63
2025-01,BOGAWANTALAWA,1188.73,1188.73
2025-01,UPCOT MASKELIYAB8,1136.03,1136.03
2025-01,WATAWALA GINIGAT NOTRON,1041.89,1041.89
2025-01,PUSSELLAWA HEWAHETA,1153.68,1153.68
2025-01,KOTMALE,1165.16,1165.16
2025-01,GAMPOLA NAWALAPITIYA DOLOSBAGE,1037.23,1037.23
2025-01,NILAMBE HANTANE GALAHA,1011.8,1011.8
2025-01,KADUGANNAWA,1028.97,1028.97
2025-01,MADULKELLE KNUCKLES RANGA,1019.4,1019.4
2025-01,HUNASGIRIYA MATALE YAKDESSA,933.3,933.3
2025-01,BALANGODA RAKWANA,1115.41,1115.41
2025-01,UDAPUSSELLAWA HALGRANOYA,1011.44,1011.44
2025-01,MATURATA,923.45,923.45
2025-01,KOSLANDA HALDUMULLA,1158.77,1158.77
2025-01,HAPUTALE,1093.58,1093.58
2025-01,BANDARAWELA POONAGALLA,1126.27,1126.27
2025-01,MALWATTE WELIMADA,1090.96,1090.96
2025-01,DEMODARA HALIELLA BADULLA,1089.36,1089.36
2025-01,ELLA NAMUNUKULA,1031.44,1031.44
2025-01,PASSARA LUNUGALLA,1057.52,1057.52
2025-01,MADULSIMA,989.89,989.89
2025-01,DENIYAYA,1441.61,1441.61
2025-01,GALLE,1295.63,1295.63
2025-01,KALUTARA,1196.72,1196.72
2025-01,KEGALLE,1152.74,1152.74
2025-01,KALANY VELLY,1228.03,1228.03
2025-01,KANDY MATALE KURUNEGALA,939.16,939.16
2025-01,MATARA,1395.1,1395.1
2025-01,MORAWAKE,1333.69,1333.69
2025-01,RATNAPURA,1271.65,1271.65
2025-01,BALANGODA,1157.14,1157.14
2025-01,COLOMBO,30941.18,30941.18
2025-02,NUWARA ELIYA,1148.48,1062.19
2025-02,RAMBODA,1067.04,1075.83
2025-02,PUNDALUOYA,1005.98,1015.09
2025-02,AGARAPATANA,1042.14,1064.67
2025-02,NANUOYA LINDULA TALAWAKELE,1240.74,1248.36
2025-02,PATANA KOTAGALA,1012.71,1026.64
2025-02,HATTON DICKOYA,1101.75,1111.99
2025-02,BOGAWANTALAWA,1209.2,1199.1
2025-02,UPCOT MASKELIYAB8,1127.83,1131.82
2025-02,WATAWALA GINIGAT NOTRON,1011.22,1026.26
2025-02,PUSSELLAWA HEWAHETA,1129.24,1141.16
2025-02,KOTMALE,1122.89,1141.96
2025-02,GAMPOLA NAWALAPITIYA DOLOSBAGE,1038.61,1037.92
2025-02,NILAMBE HANTANE GALAHA,1041.56,1026.11
2025-02,KADUGANNAWA,986.14,1006.28
2025-02,MADULKELLE KNUCKLES RANGA,1018.55,1019.02
2025-02,HUNASGIRIYA MATALE YAKDESSA,896.3,918.41
2025-02,BALANGODA RAKWANA,1108.31,1111.92
2025-02,UDAPUSSELLAWA HALGRANOYA,966.61,991.66
2025-02,MATURATA,990.03,950.5
2025-02,KOSLANDA HALDUMULLA,1162.54,1160.52
2025-02,HAPUTALE,1050.34,1074.9
2025-02,BANDARAWELA POONAGALLA,1108.0,1118.82
2025-02,MALWATTE WELIMADA,1009.96,1053.25
2025-02,DEMODARA HALIELLA BADULLA,1058.34,1076.66
2025-02,ELLA NAMUNUKULA,1028.88,1030.33
2025-02,PASSARA LUNUGALLA,1040.54,1050.65
2025-02,MADULSIMA,961.82,978.86
2025-02,DENIYAYA,1369.83,1405.81
2025-02,GALLE,1259.57,1277.61
2025-02,KALUTARA,1174.12,1185.45
2025-02,KEGALLE,1132.97,1142.64
2025-02,KALANY VELLY,1233.58,1230.59
2025-02,KANDY MATALE KURUNEGALA,997.3,962.59
2025-02,MATARA,1344.65,1369.38
2025-02,MORAWAKE,1287.43,1309.9
2025-02,RATNAPURA,1239.89,1256.01
2025-02,BALANGODA,1126.76,1143.06
2025-02,COLOMBO,31625.0,31341.46
2025-03,NUWARA ELIYA,1128.57,1084.36
2025-03,RAMBODA,1075.08,1075.58
2025-03,PUNDALUOYA,1036.07,1023.92
2025-03,AGARAPATANA,1081.48,1070.68
2025-03,NANUOYA LINDULA TALAWAKELE,1273.18,1257.31
2025-03,PATANA KOTAGALA,1051.84,1033.8
2025-03,HATTON DICKOYA,1087.34,1101.72
2025-03,BOGAWANTALAWA,1252.81,1216.87
2025-03,UPCOT MASKELIYAB8,1162.19,1141.88
2025-03,WATAWALA GINIGAT NOTRON,1023.14,1025.36
2025-03,PUSSELLAWA HEWAHETA,1140.63,1140.99
2025-03,KOTMALE,1156.37,1146.95
2025-03,GAMPOLA NAWALAPITIYA DOLOSBAGE,1072.61,1048.91
2025-03,NILAMBE HANTANE GALAHA,1094.91,1048.49
2025-03,KADUGANNAWA,977.59,997.27
2025-03,MADULKELLE KNUCKLES RANGA,1065.28,1032.07
2025-03,HUNASGIRIYA MATALE YAKDESSA,935.37,923.93
2025-03,BALANGODA RAKWANA,1142.54,1120.33
2025-03,UDAPUSSELLAWA HALGRANOYA,1013.16,996.96
2025-03,MATURATA,981.06,958.67
2025-03,KOSLANDA HALDUMULLA,1209.57,1172.05
2025-03,HAPUTALE,1122.64,1088.11
2025-03,BANDARAWELA POONAGALLA,1154.92,1127.87
2025-03,MALWATTE WELIMADA,1132.12,1069.2
2025-03,DEMODARA HALIELLA BADULLA,1158.86,1098.49
2025-03,ELLA NAMUNUKULA,1074.46,1042.27
2025-03,PASSARA LUNUGALLA,1135.47,1072.14
2025-03,MADULSIMA,1044.21,997.31
2025-03,DENIYAYA,1415.14,1408.54
2025-03,GALLE,1263.79,1273.28
2025-03,KALUTARA,1151.85,1175.23
2025-03,KEGALLE,1153.19,1145.62
2025-03,KALANY VELLY,1224.9,1229.05
2025-03,KANDY MATALE KURUNEGALA,1027.06,980.86
2025-03,MATARA,1348.55,1362.85
2025-03,MORAWAKE,1312.14,1310.56
2025-03,RATNAPURA,1260.25,1257.21
2025-03,BALANGODA,1136.1,1141.1
2025-03,COLOMBO,32777.78,31600.0
2025-04,NUWARA ELIYA,1040.1,1073.41
2025-04,RAMBODA,1034.26,1065.02
2025-04,PUNDALUOYA,1026.89,1024.6
2025-04,AGARAPATANA,1050.61,1066.22
2025-04,NANUOYA LINDULA TALAWAKELE,1223.06,1248.89
2025-04,PATANA KOTAGALA,1012.16,1027.83
2025-04,HATTON DICKOYA,1081.2,1097.61
2025-04,BOGAWANTALAWA,1146.3,1198.35
2025-04,UPCOT MASKELIYAB8,1127.34,1138.0
2025-04,WATAWALA GINIGAT NOTRON,1017.33,1023.27
2025-04,PUSSELLAWA HEWAHETA,1087.7,1126.24
2025-04,KOTMALE,1122.14,1139.56
2025-04,GAMPOLA NAWALAPITIYA DOLOSBAGE,1049.24,1049.0
2025-04,NILAMBE HANTANE GALAHA,1055.98,1050.75
2025-04,KADUGANNAWA,1031.42,1006.87
2025-04,MADULKELLE KNUCKLES RANGA,1027.47,1030.58
2025-04,HUNASGIRIYA MATALE YAKDESSA,996.96,943.08
2025-04,BALANGODA RAKWANA,1138.8,1125.17
2025-04,UDAPUSSELLAWA HALGRANOYA,1017.27,1002.94
2025-04,MATURATA,955.92,958.09
2025-04,KOSLANDA HALDUMULLA,1173.67,1172.5
2025-04,HAPUTALE,1111.06,1095.66
2025-04,BANDARAWELA POONAGALLA,1125.55,1127.23
2025-04,MALWATTE WELIMADA,1139.58,1091.49
2025-04,DEMODARA HALIELLA BADULLA,1142.4,1113.27
2025-04,ELLA NAMUNUKULA,1064.8,1048.79
2025-04,PASSARA LUNUGALLA,1115.61,1086.23
2025-04,MADULSIMA,1091.15,1028.22
2025-04,DENIYAYA,1397.46,1405.83
2025-04,GALLE,1248.53,1267.31
2025-04,KALUTARA,1158.7,1171.57
2025-04,KEGALLE,1146.62,1145.86
2025-04,KALANY VELLY,1239.46,1231.54
2025-04,KANDY MATALE KURUNEGALA,1001.76,986.29
2025-04,MATARA,1342.94,1357.94
2025-04,MORAWAKE,1308.29,1310.01
2025-04,RATNAPURA,1242.41,1253.43
2025-04,BALANGODA,1150.38,1143.6
2025-04,COLOMBO,25958.9,29219.65
2025-05,NUWARA ELIYA,1052.58,1068.92
2025-05,RAMBODA,956.38,1041.75
2025-05,PUNDALUOYA,938.45,1008.03
2025-05,AGARAPATANA,967.47,1044.21
2025-05,NANUOYA LINDULA TALAWAKELE,1155.58,1228.8
2025-05,PATANA KOTAGALA,963.5,1012.7
2025-05,HATTON DICKOYA,1016.59,1081.14
2025-05,BOGAWANTALAWA,1052.12,1166.82
2025-05,UPCOT MASKELIYAB8,1015.78,1110.5
2025-05,WATAWALA GINIGAT NOTRON,997.82,1016.33
2025-05,PUSSELLAWA HEWAHETA,1031.84,1104.73
2025-05,KOTMALE,1077.72,1122.41
2025-05,GAMPOLA NAWALAPITIYA DOLOSBAGE,1022.65,1043.09
2025-05,NILAMBE HANTANE GALAHA,1030.68,1046.57
2025-05,KADUGANNAWA,1012.83,1008.13
2025-05,MADULKELLE KNUCKLES RANGA,1015.73,1027.21
2025-05,HUNASGIRIYA MATALE YAKDESSA,930.35,939.9
2025-05,BALANGODA RAKWANA,1131.53,1126.56
2025-05,UDAPUSSELLAWA HALGRANOYA,936.07,984.23
2025-05,MATURATA,1025.77,975.25
2025-05,KOSLANDA HALDUMULLA,1171.76,1172.34
2025-05,HAPUTALE,1067.14,1087.98
2025-05,BANDARAWELA POONAGALLA,1084.15,1117.59
2025-05,MALWATTE WELIMADA,1084.58,1089.66
2025-05,DEMODARA HALIELLA BADULLA,1104.84,1111.11
2025-05,ELLA NAMUNUKULA,1058.75,1051.2
2025-05,PASSARA LUNUGALLA,1063.07,1080.22
2025-05,MADULSIMA,1059.12,1036.36
2025-05,DENIYAYA,1394.39,1403.46
2025-05,GALLE,1284.16,1270.63
2025-05,KALUTARA,1185.44,1174.3
2025-05,KEGALLE,1132.15,1142.94
2025-05,KALANY VELLY,1249.29,1235.1
2025-05,KANDY MATALE KURUNEGALA,975.79,984.0
2025-05,MATARA,1356.29,1357.59
2025-05,MORAWAKE,1305.58,1309.0
2025-05,RATNAPURA,1247.3,1252.11
2025-05,BALANGODA,1132.21,1141.02
2025-05,COLOMBO,23555.56,28244.02
2025-06,NUWARA ELIYA,963.1,1053.14
2025-06,RAMBODA,896.14,1012.83
2025-06,PUNDALUOYA,966.95,1001.64
2025-06,AGARAPATANA,908.52,1016.13
2025-06,NANUOYA LINDULA TALAWAKELE,1104.17,1206.96
2025-06,PATANA KOTAGALA,903.28,990.12
2025-06,HATTON DICKOYA,988.19,1064.47
2025-06,BOGAWANTALAWA,1041.2,1143.72
2025-06,UPCOT MASKELIYAB8,996.69,1089.0
2025-06,WATAWALA GINIGAT NOTRON,926.45,991.6
2025-06,PUSSELLAWA HEWAHETA,969.6,1077.99
2025-06,KOTMALE,1040.83,1108.34
2025-06,GAMPOLA NAWALAPITIYA DOLOSBAGE,999.34,1035.05
2025-06,NILAMBE HANTANE GALAHA,1008.38,1040.26
2025-06,KADUGANNAWA,939.11,994.53
2025-06,MADULKELLE KNUCKLES RANGA,935.27,1009.05
2025-06,HUNASGIRIYA MATALE YAKDESSA,900.1,932.75
2025-06,BALANGODA RAKWANA,1089.3,1119.85
2025-06,UDAPUSSELLAWA HALGRANOYA,925.66,973.05
2025-06,MATURATA,964.29,973.41
2025-06,KOSLANDA HALDUMULLA,1108.81,1159.15
2025-06,HAPUTALE,1019.36,1073.63
2025-06,BANDARAWELA POONAGALLA,1066.91,1107.52
2025-06,MALWATTE WELIMADA,1038.84,1078.81
2025-06,DEMODARA HALIELLA BADULLA,1056.75,1099.4
2025-06,ELLA NAMUNUKULA,1036.14,1048.1
2025-06,PASSARA LUNUGALLA,1017.19,1067.25
2025-06,MADULSIMA,981.2,1023.47
2025-06,DENIYAYA,1366.3,1396.88
2025-06,GALLE,1225.03,1262.87
2025-06,KALUTARA,1133.69,1167.58
2025-06,KEGALLE,1087.75,1133.52
2025-06,KALANY VELLY,1166.14,1222.62
2025-06,KANDY MATALE KURUNEGALA,954.01,978.48
2025-06,MATARA,1309.99,1349.5
2025-06,MORAWAKE,1246.83,1297.71
2025-06,RATNAPURA,1189.61,1241.2
2025-06,BALANGODA,1108.91,1135.09
2025-06,COLOMBO,25062.5,27821.58
2025-07,NUWARA ELIYA,948.56,1036.62
2025-07,RAMBODA,961.53,1006.46
2025-07,PUNDALUOYA,959.48,994.11
2025-07,AGARAPATANA,950.17,1004.98
2025-07,NANUOYA LINDULA TALAWAKELE,1175.16,1202.2
2025-07,PATANA KOTAGALA,951.71,984.53
2025-07,HATTON DICKOYA,1022.35,1057.74
2025-07,BOGAWANTALAWA,1101.08,1137.21
2025-07,UPCOT MASKELIYAB8,1077.52,1086.99
2025-07,WATAWALA GINIGAT NOTRON,960.22,983.5
2025-07,PUSSELLAWA HEWAHETA,1048.73,1073.48
2025-07,KOTMALE,1025.07,1097.48
2025-07,GAMPOLA NAWALAPITIYA DOLOSBAGE,988.13,1027.2
2025-07,NILAMBE HANTANE GALAHA,1029.87,1038.52
2025-07,KADUGANNAWA,934.24,983.12
2025-07,MADULKELLE KNUCKLES RANGA,974.45,1002.97
2025-07,HUNASGIRIYA MATALE YAKDESSA,860.9,920.42
2025-07,BALANGODA RAKWANA,1087.15,1114.21
2025-07,UDAPUSSELLAWA HALGRANOYA,925.95,963.93
2025-07,MATURATA,942.97,967.18
2025-07,KOSLANDA HALDUMULLA,1115.86,1150.94
2025-07,HAPUTALE,1042.86,1067.16
2025-07,BANDARAWELA POONAGALLA,1080.11,1102.33
2025-07,MALWATTE WELIMADA,1067.93,1076.28
2025-07,DEMODARA HALIELLA BADULLA,1058.53,1091.22
2025-07,ELLA NAMUNUKULA,1023.21,1043.27
2025-07,PASSARA LUNUGALLA,1036.59,1061.0
2025-07,MADULSIMA,976.45,1013.72
2025-07,DENIYAYA,1356.39,1389.68
2025-07,GALLE,1239.0,1258.49
2025-07,KALUTARA,1162.65,1166.73
2025-07,KEGALLE,1106.08,1128.4
2025-07,KALANY VELLY,1219.4,1222.06
2025-07,KANDY MATALE KURUNEGALA,955.12,974.16
2025-07,MATARA,1334.59,1346.82
2025-07,MORAWAKE,1278.4,1294.11
2025-07,RATNAPURA,1221.01,1237.73
2025-07,BALANGODA,1085.63,1126.51
2025-07,COLOMBO,32461.54,28273.41
2025-08,NUWARA ELIYA,970.43,1028.11
2025-08,RAMBODA,1107.88,1014.59
2025-08,PUNDALUOYA,981.69,992.58
2025-08,AGARAPATANA,1048.23,1008.82
2025-08,NANUOYA LINDULA TALAWAKELE,1229.48,1204.67
2025-08,PATANA KOTAGALA,1016.74,988.21
2025-08,HATTON DICKOYA,1059.12,1057.88
2025-08,BOGAWANTALAWA,1164.94,1139.84
2025-08,UPCOT MASKELIYAB8,1115.96,1090.29
2025-08,WATAWALA GINIGAT NOTRON,987.94,984.33
2025-08,PUSSELLAWA HEWAHETA,1120.0,1078.38
2025-08,KOTMALE,1064.6,1093.71
2025-08,GAMPOLA NAWALAPITIYA DOLOSBAGE,1058.6,1030.73
2025-08,NILAMBE HANTANE GALAHA,1069.4,1041.52
2025-08,KADUGANNAWA,967.31,981.54
2025-08,MADULKELLE KNUCKLES RANGA,1012.88,1003.96
2025-08,HUNASGIRIYA MATALE YAKDESSA,908.65,919.3
2025-08,BALANGODA RAKWANA,1118.84,1114.68
2025-08,UDAPUSSELLAWA HALGRANOYA,954.11,962.87
2025-08,MATURATA,1013.5,972.43
2025-08,KOSLANDA HALDUMULLA,1168.97,1153.16
2025-08,HAPUTALE,1070.69,1067.53
2025-08,BANDARAWELA POONAGALLA,1115.65,1103.85
2025-08,MALWATTE WELIMADA,1656.38,1133.6
2025-08,DEMODARA HALIELLA BADULLA,1132.39,1095.76
2025-08,ELLA NAMUNUKULA,994.65,1038.75
2025-08,PASSARA LUNUGALLA,1062.05,1061.11
2025-08,MADULSIMA,921.4,1004.73
2025-08,DENIYAYA,1416.25,1392.8
2025-08,GALLE,1276.02,1260.64
2025-08,KALUTARA,1201.96,1170.73
2025-08,KEGALLE,1137.69,1129.59
2025-08,KALANY VELLY,1264.63,1227.13
2025-08,KANDY MATALE KURUNEGALA,990.23,976.11
2025-08,MATARA,1366.55,1349.09
2025-08,MORAWAKE,1320.26,1297.27
2025-08,RATNAPURA,1273.88,1241.91
2025-08,BALANGODA,1133.71,1127.28
2025-08,COLOMBO,32444.44,28768.98
2025-09,NUWARA ELIYA,1029.05,1028.53
2025-09,RAMBODA,1185.06,1032.67
2025-09,PUNDALUOYA,1000.93,994.06
2025-09,AGARAPATANA,1182.4,1026.51
2025-09,NANUOYA LINDULA TALAWAKELE,1275.08,1213.43
2025-09,PATANA KOTAGALA,1107.12,1001.71
2025-09,HATTON DICKOYA,1153.53,1068.88
2025-09,BOGAWANTALAWA,1260.45,1154.63
2025-09,UPCOT MASKELIYAB8,1209.05,1105.3
2025-09,WATAWALA GINIGAT NOTRON,1058.31,998.95
2025-09,PUSSELLAWA HEWAHETA,1163.36,1089.84
2025-09,KOTMALE,1103.46,1094.88
2025-09,GAMPOLA NAWALAPITIYA DOLOSBAGE,1024.38,1029.95
2025-09,NILAMBE HANTANE GALAHA,1112.49,1048.25
2025-09,KADUGANNAWA,1044.64,987.02
2025-09,MADULKELLE KNUCKLES RANGA,1087.95,1012.77
2025-09,HUNASGIRIYA MATALE YAKDESSA,905.99,917.42
2025-09,BALANGODA RAKWANA,1124.16,1115.68
2025-09,UDAPUSSELLAWA HALGRANOYA,1024.73,969.39
2025-09,MATURATA,990.63,974.49
2025-09,KOSLANDA HALDUMULLA,1215.52,1161.01
2025-09,HAPUTALE,1112.01,1071.5
2025-09,BANDARAWELA POONAGALLA,1144.95,1108.76
2025-09,MALWATTE WELIMADA,1135.47,1133.79
2025-09,DEMODARA HALIELLA BADULLA,1075.64,1093.67
2025-09,ELLA NAMUNUKULA,1065.97,1041.52
2025-09,PASSARA LUNUGALLA,1089.43,1064.08
2025-09,MADULSIMA,941.59,999.28
2025-09,DENIYAYA,1428.55,1396.98
2025-09,GALLE,1269.01,1261.69
2025-09,KALUTARA,1201.89,1174.49
2025-09,KEGALLE,1161.02,1133.85
2025-09,KALANY VELLY,1217.92,1225.93
2025-09,KANDY MATALE KURUNEGALA,959.78,973.95
2025-09,MATARA,1359.17,1350.23
2025-09,MORAWAKE,1321.74,1300.3
2025-09,RATNAPURA,1289.58,1247.79
2025-09,BALANGODA,1146.68,1129.47
2025-09,COLOMBO,33000.0,29617.41
2025-10,NUWARA ELIYA,1051.21,1030.11
2025-10,RAMBODA,1096.1,1039.22
2025-10,PUNDALUOYA,1008.57,995.36
2025-10,AGARAPATANA,1112.37,1034.34
2025-10,NANUOYA LINDULA TALAWAKELE,1267.72,1217.81
2025-10,PATANA KOTAGALA,1107.61,1012.13
2025-10,HATTON DICKOYA,1170.88,1076.95
2025-10,BOGAWANTALAWA,1239.86,1164.3
2025-10,UPCOT MASKELIYAB8,1193.31,1113.72
2025-10,WATAWALA GINIGAT NOTRON,1097.78,1016.19
2025-10,PUSSELLAWA HEWAHETA,1125.43,1093.48
2025-10,KOTMALE,1096.67,1095.09
2025-10,GAMPOLA NAWALAPITIYA DOLOSBAGE,1043.06,1031.15
2025-10,NILAMBE HANTANE GALAHA,1033.81,1047.14
2025-10,KADUGANNAWA,1028.92,989.56
2025-10,MADULKELLE KNUCKLES RANGA,1030.38,1014.37
2025-10,HUNASGIRIYA MATALE YAKDESSA,904.7,916.35
2025-10,BALANGODA RAKWANA,1132.39,1117.0
2025-10,UDAPUSSELLAWA HALGRANOYA,1039.28,973.76
2025-10,MATURATA,971.73,974.28
2025-10,KOSLANDA HALDUMULLA,1239.67,1167.78
2025-10,HAPUTALE,1090.88,1072.72
2025-10,BANDARAWELA POONAGALLA,1107.01,1108.61
2025-10,MALWATTE WELIMADA,1061.87,1130.45
2025-10,DEMODARA HALIELLA BADULLA,1083.05,1092.9
2025-10,ELLA NAMUNUKULA,1021.82,1039.96
2025-10,PASSARA LUNUGALLA,1077.78,1065.16
2025-10,MADULSIMA,997.08,999.15
2025-10,DENIYAYA,1384.89,1395.97
2025-10,GALLE,1255.67,1261.18
2025-10,KALUTARA,1191.74,1176.04
2025-10,KEGALLE,1152.24,1135.64
2025-10,KALANY VELLY,1245.49,1227.65
2025-10,KANDY MATALE KURUNEGALA,966.47,973.21
2025-10,MATARA,1291.62,1345.57
2025-10,MORAWAKE,1308.09,1300.99
2025-10,RATNAPURA,1267.47,1249.55
2025-10,BALANGODA,1135.23,1129.96
2025-10,COLOMBO,29421.05,29599.52
2025-11,NUWARA ELIYA,1033.27,1030.32
2025-11,RAMBODA,1108.51,1046.29
2025-11,PUNDALUOYA,992.4,995.11
2025-11,AGARAPATANA,1144.46,1042.12
2025-11,NANUOYA LINDULA TALAWAKELE,1283.18,1222.76
2025-11,PATANA KOTAGALA,1121.39,1020.6
2025-11,HATTON DICKOYA,1175.41,1084.54
2025-11,BOGAWANTALAWA,1236.25,1170.53
2025-11,UPCOT MASKELIYAB8,1177.39,1118.61
2025-11,WATAWALA GINIGAT NOTRON,1057.29,1021.34
2025-11,PUSSELLAWA HEWAHETA,1132.8,1096.59
2025-11,KOTMALE,1085.16,1094.28
2025-11,GAMPOLA NAWALAPITIYA DOLOSBAGE,1056.83,1033.31
2025-11,NILAMBE HANTANE GALAHA,1030.51,1045.91
2025-11,KADUGANNAWA,1004.79,990.42
2025-11,MADULKELLE KNUCKLES RANGA,1060.62,1017.75
2025-11,HUNASGIRIYA MATALE YAKDESSA,881.29,912.57
2025-11,BALANGODA RAKWANA,1143.38,1119.19
2025-11,UDAPUSSELLAWA HALGRANOYA,1106.93,980.74
2025-11,MATURATA,986.56,975.05
2025-11,KOSLANDA HALDUMULLA,1197.16,1170.25
2025-11,HAPUTALE,1109.18,1074.77
2025-11,BANDARAWELA POONAGALLA,1105.02,1108.33
2025-11,MALWATTE WELIMADA,1112.86,1129.32
2025-11,DEMODARA HALIELLA BADULLA,1104.14,1093.75
2025-11,ELLA NAMUNUKULA,1005.81,1037.81
2025-11,PASSARA LUNUGALLA,1072.31,1065.7
2025-11,MADULSIMA,991.01,998.66
2025-11,DENIYAYA,1428.72,1398.86
2025-11,GALLE,1291.83,1263.76
2025-11,KALUTARA,1193.79,1177.61
2025-11,KEGALLE,1133.02,1135.39
2025-11,KALANY VELLY,1257.03,1230.17
2025-11,KANDY MATALE KURUNEGALA,960.81,972.2
2025-11,MATARA,1375.87,1348.21
2025-11,MORAWAKE,1342.72,1304.65
2025-11,RATNAPURA,1283.94,1252.45
2025-11,BALANGODA,1149.95,1131.8
2025-11,COLOMBO,33000.0,29799.1
2025-12,NUWARA ELIYA,1059.07,1032.18
2025-12,RAMBODA,1163.46,1052.71
2025-12,PUNDALUOYA,1056.03,999.48
2025-12,AGARAPATANA,1203.98,1053.34
2025-12,NANUOYA LINDULA TALAWAKELE,1279.49,1227.33
2025-12,PATANA KOTAGALA,1126.35,1028.15
2025-12,HATTON DICKOYA,1198.31,1093.95
2025-12,BOGAWANTALAWA,1240.77,1176.57
2025-12,UPCOT MASKELIYAB8,1196.25,1125.07
2025-12,WATAWALA GINIGAT NOTRON,1108.64,1031.47
2025-12,PUSSELLAWA HEWAHETA,1177.91,1102.64
2025-12,KOTMALE,1115.04,1095.98
2025-12,GAMPOLA NAWALAPITIYA DOLOSBAGE,1020.8,1032.52
2025-12,NILAMBE HANTANE GALAHA,1043.05,1045.78
2025-12,KADUGANNAWA,1018.3,991.27
2025-12,MADULKELLE KNUCKLES RANGA,1063.78,1020.97
2025-12,HUNASGIRIYA MATALE YAKDESSA,926.03,913.56
2025-12,BALANGODA RAKWANA,1125.32,1118.67
2025-12,UDAPUSSELLAWA HALGRANOYA,1151.43,993.19
2025-12,MATURATA,1013.25,977.05
2025-12,KOSLANDA HALDUMULLA,1206.6,1172.89
2025-12,HAPUTALE,1140.52,1079.22
2025-12,BANDARAWELA POONAGALLA,1130.4,1110.2
2025-12,MALWATTE WELIMADA,1121.33,1128.51
2025-12,DEMODARA HALIELLA BADULLA,1101.2,1094.55
2025-12,ELLA NAMUNUKULA,1067.08,1040.21
2025-12,PASSARA LUNUGALLA,1111.66,1069.73
2025-12,MADULSIMA,989.62,998.02
2025-12,DENIYAYA,1440.11,1402.19
2025-12,GALLE,1279.94,1264.96
2025-12,KALUTARA,1168.41,1176.89
2025-12,KEGALLE,1150.5,1136.55
2025-12,KALANY VELLY,1261.93,1232.29
2025-12,KANDY MATALE KURUNEGALA,991.95,973.48
2025-12,MATARA,1387.67,1351.09
2025-12,MORAWAKE,1307.54,1304.88
2025-12,RATNAPURA,1287.04,1254.99
2025-12,BALANGODA,1159.12,1134.52
2025-12,COLOMBO,32142.86,30002.06
2026-01,NUWARA ELIYA,1051.55,1051.55
2026-01,RAMBODA,1134.36,1134.36
2026-01,PUNDALUOYA,1019.19,1019.19
2026-01,AGARAPATANA,1134.29,1134.29
2026-01,NANUOYA LINDULA TALAWAKELE,1279.82,1279.82
2026-01,PATANA KOTAGALA,1105.64,1105.64
2026-01,HATTON DICKOYA,1172.91,1172.91
2026-01,BOGAWANTALAWA,1215.72,1215.72
2026-01,UPCOT MASKELIYAB8,1199.99,1199.99
2026-01,WATAWALA GINIGAT NOTRON,1081.41,1081.41
2026-01,PUSSELLAWA HEWAHETA,1140.79,1140.79
2026-01,KOTMALE,1048.17,1048.17
2026-01,GAMPOLA NAWALAPITIYA DOLOSBAGE,994.51,994.51
2026-01,NILAMBE HANTANE GALAHA,978.9,978.9
2026-01,KADUGANNAWA,948.44,948.44
2026-01,MADULKELLE KNUCKLES RANGA,1000.25,1000.25
2026-01,HUNASGIRIYA MATALE YAKDESSA,872.7,872.7
2026-01,BALANGODA RAKWANA,1075.76,1075.76
2026-01,UDAPUSSELLAWA HALGRANOYA,1057.98,1057.98
2026-01,MATURATA,908.5,908.5
2026-01,KOSLANDA HALDUMULLA,1155.95,1155.95
2026-01,HAPUTALE,1063.76,1063.76
2026-01,BANDARAWELA POONAGALLA,1027.71,1027.71
2026-01,MALWATTE WELIMADA,1015.86,1015.86
2026-01,DEMODARA HALIELLA BADULLA,1018.05,1018.05
2026-01,ELLA NAMUNUKULA,961.77,961.77
2026-01,PASSARA LUNUGALLA,989.07,989.07
2026-01,MADULSIMA,864.42,864.42
2026-01,DENIYAYA,1373.12,1373.12
2026-01,GALLE,1245.86,1245.86
2026-01,KALUTARA,1153.36,1153.36
2026-01,KEGALLE,1124.92,1124.92
2026-01,KALANY VELLY,1233.26,1233.26
2026-01,KANDY MATALE KURUNEGALA,943.74,943.74
2026-01,MATARA,1332.29,1332.29
2026-01,MORAWAKE,1262.5,1262.5
2026-01,RATNAPURA,1245.4,1245.4
2026-01,BALANGODA,1086.69,1086.69
2026-01,COLOMBO,32636.36,32636.36
2026-02,NUWARA ELIYA,1168.84,1116.58
2026-02,RAMBODA,1077.55,1105.86
2026-02,PUNDALUOYA,1022.44,1020.91
2026-02,AGARAPATANA,1123.78,1128.93
2026-02,NANUOYA LINDULA TALAWAKELE,1322.63,1301.78
2026-02,PATANA KOTAGALA,1085.86,1095.69
2026-02,HATTON DICKOYA,1169.97,1171.37
2026-02,BOGAWANTALAWA,1272.0,1243.83
2026-02,UPCOT MASKELIYAB8,1212.79,1206.72
2026-02,WATAWALA GINIGAT NOTRON,1062.2,1071.24
2026-02,PUSSELLAWA HEWAHETA,1084.82,1112.72
2026-02,KOTMALE,1036.45,1042.31
2026-02,GAMPOLA NAWALAPITIYA DOLOSBAGE,984.27,989.19
2026-02,NILAMBE HANTANE GALAHA,907.08,946.45
2026-02,KADUGANNAWA,977.45,963.95
2026-02,MADULKELLE KNUCKLES RANGA,963.69,984.19
2026-02,HUNASGIRIYA MATALE YAKDESSA,861.1,867.53
2026-02,BALANGODA RAKWANA,1067.81,1071.89
2026-02,UDAPUSSELLAWA HALGRANOYA,1016.01,1037.82
2026-02,MATURATA,922.92,915.4
2026-02,KOSLANDA HALDUMULLA,1109.44,1133.06
2026-02,HAPUTALE,1062.69,1063.3
2026-02,BANDARAWELA POONAGALLA,1059.26,1042.82
2026-02,MALWATTE WELIMADA,1006.63,1011.16
2026-02,DEMODARA HALIELLA BADULLA,1045.27,1030.74
2026-02,ELLA NAMUNUKULA,987.21,972.83
2026-02,PASSARA LUNUGALLA,968.02,978.83
2026-02,MADULSIMA,887.06,874.96
2026-02,DENIYAYA,1345.44,1359.27
2026-02,GALLE,1213.87,1229.58
2026-02,KALUTARA,1134.16,1144.01
2026-02,KEGALLE,1128.55,1126.81
2026-02,KALANY VELLY,1202.11,1217.6
2026-02,KANDY MATALE KURUNEGALA,938.81,941.24
2026-02,MATARA,1306.88,1319.43
2026-02,MORAWAKE,1224.73,1242.6
2026-02,RATNAPURA,1224.09,1234.84
2026-02,BALANGODA,1056.9,1071.95
2026-02,COLOMBO,29190.48,30162.39
2026-03,NUWARA ELIYA,1119.94,1117.93
2026-03,RAMBODA,1109.9,1107.09
2026-03,PUNDALUOYA,1042.11,1028.77
2026-03,AGARAPATANA,1120.42,1125.62
2026-03,NANUOYA LINDULA TALAWAKELE,1283.95,1295.1
2026-03,PATANA KOTAGALA,1045.81,1078.58
2026-03,HATTON DICKOYA,1161.11,1167.67
2026-03,BOGAWANTALAWA,1258.73,1249.19
2026-03,UPCOT MASKELIYAB8,1193.31,1201.97
2026-03,WATAWALA GINIGAT NOTRON,1019.5,1052.0
2026-03,PUSSELLAWA HEWAHETA,1045.56,1086.96
2026-03,KOTMALE,1012.9,1032.21
2026-03,GAMPOLA NAWALAPITIYA DOLOSBAGE,1002.51,993.83
2026-03,NILAMBE HANTANE GALAHA,917.88,937.67
2026-03,KADUGANNAWA,952.28,960.01
2026-03,MADULKELLE KNUCKLES RANGA,997.25,988.4
2026-03,HUNASGIRIYA MATALE YAKDESSA,866.78,867.19
2026-03,BALANGODA RAKWANA,1055.66,1065.95
2026-03,UDAPUSSELLAWA HALGRANOYA,1016.44,1030.66
2026-03,MATURATA,851.28,895.79
2026-03,KOSLANDA HALDUMULLA,1176.43,1147.07
2026-03,HAPUTALE,1089.66,1072.43
2026-03,BANDARAWELA POONAGALLA,1068.33,1051.25
2026-03,MALWATTE WELIMADA,1057.28,1025.16
2026-03,DEMODARA HALIELLA BADULLA,1081.44,1044.98
2026-03,ELLA NAMUNUKULA,952.74,966.26
2026-03,PASSARA LUNUGALLA,977.64,978.45
2026-03,MADULSIMA,804.97,856.3
2026-03,DENIYAYA,1362.5,1360.45
2026-03,GALLE,1191.28,1215.52
2026-03,KALUTARA,1070.72,1115.71
2026-03,KEGALLE,1103.21,1118.93
2026-03,KALANY VELLY,1159.6,1198.15
2026-03,KANDY MATALE KURUNEGALA,947.71,943.42
2026-03,MATARA,1285.88,1307.36
2026-03,MORAWAKE,1264.35,1250.38
2026-03,RATNAPURA,1216.63,1228.13
2026-03,BALANGODA,1071.99,1071.96
2026-03,COLOMBO,30483.33,30324.89
2026-04,NUWARA ELIYA,1072.49,1109.28
2026-04,RAMBODA,1126.33,1111.22
2026-04,PUNDALUOYA,991.26,1021.32
2026-04,AGARAPATANA,1106.85,1121.86
2026-04,NANUOYA LINDULA TALAWAKELE,1308.91,1297.5
2026-04,PATANA KOTAGALA,1070.07,1077.17
2026-04,HATTON DICKOYA,1160.47,1166.38
2026-04,BOGAWANTALAWA,1254.72,1250.37
2026-04,UPCOT MASKELIYAB8,1186.88,1199.14
2026-04,WATAWALA GINIGAT NOTRON,1014.18,1045.95
2026-04,PUSSELLAWA HEWAHETA,1108.31,1090.85
2026-04,KOTMALE,1056.03,1037.34
2026-04,GAMPOLA NAWALAPITIYA DOLOSBAGE,997.23,994.51
2026-04,NILAMBE HANTANE GALAHA,962.36,940.89
2026-04,KADUGANNAWA,992.58,966.47
2026-04,MADULKELLE KNUCKLES RANGA,1049.54,1000.41
2026-04,HUNASGIRIYA MATALE YAKDESSA,857.09,864.17
2026-04,BALANGODA RAKWANA,1132.99,1080.07
2026-04,UDAPUSSELLAWA HALGRANOYA,1084.07,1041.12
2026-04,MATURATA,991.93,913.86
2026-04,KOSLANDA HALDUMULLA,1204.04,1154.63
2026-04,HAPUTALE,1133.0,1084.68
2026-04,BANDARAWELA POONAGALLA,1140.64,1070.27
2026-04,MALWATTE WELIMADA,1124.93,1047.99
2026-04,DEMODARA HALIELLA BADULLA,1162.88,1074.25
2026-04,ELLA NAMUNUKULA,1069.85,991.0
2026-04,PASSARA LUNUGALLA,1075.73,1002.47
2026-04,MADULSIMA,1004.91,892.63
2026-04,DENIYAYA,1420.4,1371.72
2026-04,GALLE,1244.54,1220.55
2026-04,KALUTARA,1127.47,1117.82
2026-04,KEGALLE,1106.95,1116.76
2026-04,KALANY VELLY,1212.42,1200.77
2026-04,KANDY MATALE KURUNEGALA,942.32,943.18
2026-04,MATARA,1379.17,1320.13
2026-04,MORAWAKE,1314.53,1262.17
2026-04,RATNAPURA,1269.83,1236.34
2026-04,BALANGODA,1100.68,1078.25
2026-04,COLOMBO,30236.84,30303.51
2026-05,NUWARA ELIYA,1114.51,1110.13
2026-05,RAMBODA,1060.75,1099.24
2026-05,PUNDALUOYA,970.21,1012.46
2026-05,AGARAPATANA,1079.11,1111.81
2026-05,NANUOYA LINDULA TALAWAKELE,1257.06,1288.8
2026-05,PATANA KOTAGALA,1033.99,1069.83
2026-05,HATTON DICKOYA,1092.89,1151.56
2026-05,BOGAWANTALAWA,1202.01,1239.95
2026-05,UPCOT MASKELIYAB8,1132.17,1184.41
2026-05,WATAWALA GINIGAT NOTRON,979.24,1029.51
2026-05,PUSSELLAWA HEWAHETA,1035.06,1080.12
2026-05,KOTMALE,1006.33,1029.73
2026-05,GAMPOLA NAWALAPITIYA DOLOSBAGE,1005.76,996.93
2026-05,NILAMBE HANTANE GALAHA,974.06,948.69
2026-05,KADUGANNAWA,1004.33,974.8
2026-05,MADULKELLE KNUCKLES RANGA,1021.83,1005.89
2026-05,HUNASGIRIYA MATALE YAKDESSA,921.7,878.54
2026-05,BALANGODA RAKWANA,1138.65,1093.46
2026-05,UDAPUSSELLAWA HALGRANOYA,1006.13,1032.25
2026-05,MATURATA,912.9,913.6
2026-05,KOSLANDA HALDUMULLA,1325.69,1179.45
2026-05,HAPUTALE,1084.53,1084.64
2026-05,BANDARAWELA POONAGALLA,1082.21,1073.13
2026-05,MALWATTE WELIMADA,1115.22,1068.53
2026-05,DEMODARA HALIELLA BADULLA,1091.86,1079.77
2026-05,ELLA NAMUNUKULA,1010.22,996.31
2026-05,PASSARA LUNUGALLA,1011.26,1004.76
2026-05,MADULSIMA,968.03,920.0
2026-05,DENIYAYA,1453.45,1389.06
2026-05,GALLE,1294.33,1233.84
2026-05,KALUTARA,1184.7,1129.78
2026-05,KEGALLE,1127.58,1119.2
2026-05,KALANY VELLY,1305.91,1225.25
2026-05,KANDY MATALE KURUNEGALA,964.78,947.91
2026-05,MATARA,1418.2,1338.95
2026-05,MORAWAKE,1367.49,1283.66
2026-05,RATNAPURA,1305.9,1251.25
2026-05,BALANGODA,1126.39,1089.37
2026-05,COLOMBO,23454.55,29853.73
2026-06,NUWARA ELIYA,1029.63,1096.62
2026-06,RAMBODA,953.64,1073.99
2026-06,PUNDALUOYA,1038.12,1016.01
2026-06,AGARAPATANA,995.65,1091.57
2026-06,NANUOYA LINDULA TALAWAKELE,1222.92,1277.95
2026-06,PATANA KOTAGALA,1007.07,1059.49
2026-06,HATTON DICKOYA,1047.92,1134.63
2026-06,BOGAWANTALAWA,1158.44,1227.87
2026-06,UPCOT MASKELIYAB8,1102.68,1168.68
2026-06,WATAWALA GINIGAT NOTRON,891.03,1009.9
2026-06,PUSSELLAWA HEWAHETA,950.84,1055.46
2026-06,KOTMALE,949.23,1012.64
2026-06,GAMPOLA NAWALAPITIYA DOLOSBAGE,942.96,987.32
2026-06,NILAMBE HANTANE GALAHA,920.0,943.22
2026-06,KADUGANNAWA,920.17,965.08
2026-06,MADULKELLE KNUCKLES RANGA,974.56,999.02
2026-06,HUNASGIRIYA MATALE YAKDESSA,806.12,862.51
2026-06,BALANGODA RAKWANA,1097.79,1094.25
2026-06,UDAPUSSELLAWA HALGRANOYA,916.66,1008.05
2026-06,MATURATA,743.48,873.86
2026-06,KOSLANDA HALDUMULLA,1265.79,1189.81
2026-06,HAPUTALE,953.44,1055.38
2026-06,BANDARAWELA POONAGALLA,1047.64,1068.13
2026-06,MALWATTE WELIMADA,1069.79,1068.78
2026-06,DEMODARA HALIELLA BADULLA,1074.8,1078.71
2026-06,ELLA NAMUNUKULA,988.3,994.67
2026-06,PASSARA LUNUGALLA,969.1,996.41
2026-06,MADULSIMA,894.2,913.15
2026-06,DENIYAYA,1445.44,1398.63
2026-06,GALLE,1299.75,1244.89
2026-06,KALUTARA,1203.48,1140.97
2026-06,KEGALLE,1152.32,1124.74
2026-06,KALANY VELLY,1226.03,1225.39
2026-06,KANDY MATALE KURUNEGALA,864.01,933.17
2026-06,MATARA,1435.02,1354.74
2026-06,MORAWAKE,1353.4,1295.28
2026-06,RATNAPURA,1280.36,1256.31
2026-06,BALANGODA,1054.04,1082.67
2026-06,COLOMBO,29032.26,29725.44
